dir,student,mode,seed,params,macro_f1,accuracy,ece,roc_auc,pr_auc,train_time_s,tag,benign_fpr,ironic_recall,obf_leet,obf_swap,obf_space,obf_mixed,int8_macro_f1,int8_size_mb,fp32_size_mb,int8_lat_b1,fp32_lat_b1
/kaggle/working/runs/tweets/bert-mini/sweep_T_8.0/seed1,bert-mini,sweep_T_8.0,1,11172102.0,0.8391247668370713,0.853213129912159,0.08425972965157147,,,204.51328134536743,sweep_T_8.0,,,,,,,,,,,
/kaggle/working/runs/tweets/bert-mini/sweep_delta_0.5/seed1,bert-mini,sweep_delta_0.5,1,11172102.0,0.8399321685285387,0.8539066111881646,0.08397354805601782,,,209.095472574234,sweep_delta_0.5,,,,,,,,,,,
/kaggle/working/runs/tweets/bert-mini/dmthd_hetero/seed1,bert-mini,dmthd_hetero,1,11172102.0,0.8375281228275918,0.8511326860841424,0.07655177205814787,,,204.91198301315308,,0.37032842582106457,0.7532051282051282,,,,,,,,,
/kaggle/working/runs/tweets/bert-mini/dmthd_hetero/seed2,bert-mini,dmthd_hetero,2,11172102.0,0.8381932751801203,0.8509015256588072,0.07867536426169199,,,206.07405519485474,,0.33975084937712347,0.7217948717948718,,,,,,,,,
/kaggle/working/runs/tweets/bert-mini/dmthd_hetero/seed3,bert-mini,dmthd_hetero,3,11172102.0,0.8362152183088177,0.8515950069348127,0.08216637003713884,,,209.96693968772888,,0.39637599093997733,0.7544871794871795,,,,,,,,,
/kaggle/working/runs/tweets/bert-mini/ft/seed1,bert-mini,ft,1,11172102.0,0.8393524375553193,0.8529819694868238,0.040265031861614065,,,172.41152548789978,,0.34994337485843713,0.7596153846153846,0.7475349142944568,0.7416751358961359,0.7274756670894069,0.711605856990181,,,,,
/kaggle/working/runs/tweets/bert-mini/ft/seed2,bert-mini,ft,2,11172102.0,0.8395067967631262,0.8527508090614887,0.04424923323559862,,,170.39638495445251,,0.35900339750849375,0.7551282051282051,,,,,,,,,
/kaggle/working/runs/tweets/bert-mini/ft/seed3,bert-mini,ft,3,11172102.0,0.8389021728533067,0.8515950069348127,0.04041402015044521,,,169.60959005355835,,0.3522083805209513,0.717948717948718,,,,,,,,,
/kaggle/working/runs/tweets/bert-mini/ablation_no_dynamic/seed1,bert-mini,ablation_no_dynamic,1,11172102.0,0.8386057394676448,0.8529819694868238,0.08615164485619237,,,205.79633259773254,no_dynamic,0.4088335220838052,0.8006410256410257,,,,,,,,,
/kaggle/working/runs/tweets/bert-mini/sweep_tau_5.0/seed1,bert-mini,sweep_tau_5.0,1,11172102.0,0.8389366602187097,0.853213129912159,0.08563761270492651,,,205.04294657707214,sweep_tau_5.0,,,,,,,,,,,
/kaggle/working/runs/tweets/bert-mini/sweep_tau_0.5/seed1,bert-mini,sweep_tau_0.5,1,11172102.0,0.8389706282455488,0.853213129912159,0.08566886464231163,,,206.562020778656,sweep_tau_0.5,,,,,,,,,,,
/kaggle/working/runs/tweets/bert-mini/ablation_from_scratch/seed1,bert-mini,ablation_from_scratch,1,11172102.0,0.7905118668249642,0.8116042533518262,0.06215741688241793,,,207.0239429473877,from_scratch,0.5866364665911665,0.6685897435897435,,,,,,,,,
/kaggle/working/runs/tweets/bert-mini/sweep_T_1.0/seed1,bert-mini,sweep_T_1.0,1,11172102.0,0.8385627827310733,0.8525196486361535,0.04264491441703976,,,211.80937600135803,sweep_T_1.0,,,,,,,,,,,
/kaggle/working/runs/tweets/bert-mini/sweep_delta_0.1/seed1,bert-mini,sweep_delta_0.1,1,11172102.0,0.8388730581958156,0.8534442903374942,0.08480274723433695,,,206.61367201805115,sweep_delta_0.1,,,,,,,,,,,
/kaggle/working/runs/tweets/bert-mini/dmthd/seed1,bert-mini,dmthd,1,11172102.0,0.8385319026785892,0.8527508090614887,0.08621850122718747,,,203.13836312294006,,0.4043035107587769,0.7993589743589744,0.7459917849222298,0.7360593269737219,0.7250320002832727,0.7077428233747631,0.831930730913387,33.47371006011963,42.646121978759766,10.61268391406145,9.913705515614879
/kaggle/working/runs/tweets/bert-mini/dmthd/seed2,bert-mini,dmthd,2,11172102.0,0.838375589695815,0.8497457235321313,0.08157379013131852,,,200.15919470787048,,0.3646659116647792,0.7173076923076923,,,,,,,,,
/kaggle/working/runs/tweets/bert-mini/dmthd/seed3,bert-mini,dmthd,3,11172102.0,0.8364694624676771,0.8511326860841424,0.08819552722817152,,,204.167147397995,,0.36013590033975085,0.7423076923076923,,,,,,,,,
/kaggle/working/runs/tweets/bert-mini/skd/seed1,bert-mini,skd,1,11172102.0,0.8400165371740281,0.8534442903374942,0.08091943458556247,,,188.7677824497223,,0.38391845979614947,0.7762820512820513,,,,,,,,,
/kaggle/working/runs/tweets/bert-mini/skd/seed2,bert-mini,skd,2,11172102.0,0.8423409199816208,0.8552935737401757,0.07899198908112523,,,185.68550157546997,,0.36579841449603623,0.7256410256410256,,,,,,,,,
/kaggle/working/runs/tweets/bert-mini/skd/seed3,bert-mini,skd,3,11172102.0,0.8390009067827603,0.8522884882108183,0.0817116745853115,,,187.09065055847168,,0.37032842582106457,0.7410256410256411,,,,,,,,,
/kaggle/working/runs/tweets/bert-mini/ablation_per_batch/seed1,bert-mini,ablation_per_batch,1,11172102.0,0.8388706516324196,0.853213129912159,0.08592714549102998,,,207.05685424804688,per_batch,0.4088335220838052,0.8012820512820513,,,,,,,,,
/kaggle/working/runs/tweets/bert-mini/sweep_tau_2.0/seed1,bert-mini,sweep_tau_2.0,1,11172102.0,0.8390271843329903,0.853213129912159,0.08581296618729897,,,207.9037094116211,sweep_tau_2.0,,,,,,,,,,,
/kaggle/working/runs/tweets/bert-mini/ablation_no_hidden/seed1,bert-mini,ablation_no_hidden,1,11172102.0,0.8369271067910099,0.8504392048081368,0.08640353769491076,,,187.45970463752747,no_hidden,0.3522083805209513,0.7711538461538462,,,,,,,,,
/kaggle/working/runs/tweets/bert-mini/skd_hetero/seed1,bert-mini,skd_hetero,1,11172102.0,0.8400165371740281,0.8534442903374942,0.08091943458556247,,,186.21065711975098,,0.38391845979614947,0.7762820512820513,,,,,,,,,
/kaggle/working/runs/tweets/bert-mini/skd_hetero/seed2,bert-mini,skd_hetero,2,11172102.0,0.8423409199816208,0.8552935737401757,0.07899198908112523,,,188.40241384506226,,0.36579841449603623,0.7256410256410256,,,,,,,,,
/kaggle/working/runs/tweets/bert-mini/skd_hetero/seed3,bert-mini,skd_hetero,3,11172102.0,0.8390009067827603,0.8522884882108183,0.0817116745853115,,,186.8440248966217,,0.37032842582106457,0.7410256410256411,,,,,,,,,
/kaggle/working/runs/tweets/bert-mini/uniform/seed1,bert-mini,uniform,1,11172102.0,0.8372106763327644,0.8506703652334721,0.08769778774339071,,,195.85132598876953,,0.33861834654586637,0.7467948717948718,,,,,,,,,
/kaggle/working/runs/tweets/bert-mini/uniform/seed2,bert-mini,uniform,2,11172102.0,0.8406118058551919,0.8546000924641701,0.0842905597545127,,,197.83862590789795,,0.39184597961494905,0.7807692307692308,,,,,,,,,
/kaggle/working/runs/tweets/bert-mini/uniform/seed3,bert-mini,uniform,3,11172102.0,0.8377129155074665,0.8518261673601479,0.08733328307496138,,,195.22132539749146,,0.41676104190260477,0.7416666666666667,,,,,,,,,
/kaggle/working/runs/tweets/bert-mini/sweep_alpha_0.6/seed1,bert-mini,sweep_alpha_0.6,1,11172102.0,0.8393892169159537,0.8539066111881646,0.09342465764992336,,,204.45638370513916,sweep_alpha_0.6,,,,,,,,,,,
/kaggle/working/runs/tweets/bert-mini/sweep_T_2.0/seed1,bert-mini,sweep_T_2.0,1,11172102.0,0.8401902336073682,0.8543689320388349,0.07366569802488818,,,206.4191677570343,sweep_T_2.0,,,,,,,,,,,
/kaggle/working/runs/tweets/bert-mini/uniform_hetero/seed1,bert-mini,uniform_hetero,1,11172102.0,0.8388644811291993,0.8536754507628294,0.08196156767855295,,,199.5714979171753,,0.4246885617214043,0.8006410256410257,,,,,,,,,
/kaggle/working/runs/tweets/bert-mini/uniform_hetero/seed2,bert-mini,uniform_hetero,2,11172102.0,0.8395796863101946,0.8539066111881646,0.07725556905050276,,,198.82683849334717,,0.39071347678369195,0.75,,,,,,,,,
/kaggle/working/runs/tweets/bert-mini/uniform_hetero/seed3,bert-mini,uniform_hetero,3,11172102.0,0.8350638274256413,0.8497457235321313,0.08445325732864939,,,198.0857858657837,,0.4190260475651189,0.7743589743589744,,,,,,,,,
/kaggle/working/runs/tweets/bert-mini/sweep_alpha_0.2/seed1,bert-mini,sweep_alpha_0.2,1,11172102.0,0.8385732966975704,0.8527508090614887,0.07155772841092453,,,205.548095703125,sweep_alpha_0.2,,,,,,,,,,,
/kaggle/working/runs/tweets/bert-mini/ablation_no_aux/seed1,bert-mini,ablation_no_aux,1,11172102.0,0.8363527719551866,0.8499768839574665,0.08759812756484156,,,200.71100163459778,no_aux,0.33408833522083803,0.7435897435897436,,,,,,,,,
/kaggle/working/runs/tweets/bert-small/dmthd_hetero/seed1,bert-small,dmthd_hetero,1,28766726.0,0.8482284181374351,0.86084142394822,0.0871327395894932,,,304.1339678764343,,0.3793884484711212,0.6775641025641026,,,,,,,,,
/kaggle/working/runs/tweets/bert-small/dmthd_hetero/seed2,bert-small,dmthd_hetero,2,28766726.0,0.8482995269971466,0.8615349052242256,0.0911622324229058,,,306.6566104888916,,0.3714609286523216,0.7275641025641025,,,,,,,,,
/kaggle/working/runs/tweets/bert-small/dmthd_hetero/seed3,bert-small,dmthd_hetero,3,28766726.0,0.8464430135036908,0.8601479426722145,0.09223896282941615,,,305.47684931755066,,0.4088335220838052,0.7301282051282051,,,,,,,,,
/kaggle/working/runs/tweets/bert-small/ft/seed1,bert-small,ft,1,28766726.0,0.8511035372982233,0.863384188626907,0.07242087231043917,,,271.9078230857849,,0.4258210645526614,0.7737179487179487,,,,,,,,,
/kaggle/working/runs/tweets/bert-small/ft/seed2,bert-small,ft,2,28766726.0,0.8465221611338348,0.8601479426722145,0.06641283846265231,,,271.8919403553009,,0.43261608154020387,0.7525641025641026,,,,,,,,,
/kaggle/working/runs/tweets/bert-small/ft/seed3,bert-small,ft,3,28766726.0,0.8430923396913313,0.855755894590846,0.06718679077637399,,,270.8688588142395,,0.33975084937712347,0.683974358974359,,,,,,,,,
/kaggle/working/runs/tweets/bert-small/dmthd/seed1,bert-small,dmthd,1,28766726.0,0.8458714754323032,0.8596856218215442,0.09554816426996052,,,298.2238392829895,,0.4144960362400906,0.7301282051282051,,,,,0.8447815255881209,73.02497959136963,109.76428604125977,21.43877542968653,25.28351475781676
/kaggle/working/runs/tweets/bert-small/dmthd/seed2,bert-small,dmthd,2,28766726.0,0.8509016320226759,0.8626907073509015,0.07938504132252294,,,248.34636449813843,,0.36579841449603623,0.7211538461538461,,,,,,,,,
/kaggle/working/runs/tweets/bert-small/dmthd/seed3,bert-small,dmthd,3,28766726.0,0.8444544074339105,0.8576051779935275,0.1004865316401132,,,297.4489903450012,,0.4144960362400906,0.6974358974358974,,,,,,,,,
/kaggle/working/runs/tweets/bert-small/skd/seed1,bert-small,skd,1,28766726.0,0.8438735580311567,0.8564493758668515,0.08712468140939844,,,283.9504945278168,,0.30690826727066817,0.6730769230769231,,,,,,,,,
/kaggle/working/runs/tweets/bert-small/skd/seed2,bert-small,skd,2,28766726.0,0.8524670322584894,0.864539990753583,0.09012526016763331,,,284.69570112228394,,0.3556058890147225,0.7096153846153846,,,,,,,,,
/kaggle/working/runs/tweets/bert-small/skd/seed3,bert-small,skd,3,28766726.0,0.8500005717143092,0.8622283865002311,0.08979710970302998,,,284.8710398674011,,0.38165345413363533,0.708974358974359,,,,,,,,,
/kaggle/working/runs/tweets/bert-small/skd_hetero/seed1,bert-small,skd_hetero,1,28766726.0,0.8438735580311567,0.8564493758668515,0.08712468140939844,,,283.014132976532,,0.30690826727066817,0.6730769230769231,,,,,,,,,
/kaggle/working/runs/tweets/bert-small/skd_hetero/seed2,bert-small,skd_hetero,2,28766726.0,0.8524670322584894,0.864539990753583,0.09012526016763331,,,283.2926826477051,,0.3556058890147225,0.7096153846153846,,,,,,,,,
/kaggle/working/runs/tweets/bert-small/skd_hetero/seed3,bert-small,skd_hetero,3,28766726.0,0.8500005717143092,0.8622283865002311,0.08979710970302998,,,284.7223358154297,,0.38165345413363533,0.708974358974359,,,,,,,,,
/kaggle/working/runs/tweets/bert-small/uniform/seed1,bert-small,uniform,1,28766726.0,0.8503995291603165,0.8610725843735553,0.09180304076706869,,,292.59915256500244,,0.30804077010192527,0.6673076923076923,,,,,,,,,
/kaggle/working/runs/tweets/bert-small/uniform/seed2,bert-small,uniform,2,28766726.0,0.8533942336642043,0.8650023116042533,0.09519842297348557,,,293.5384542942047,,0.42355605889014725,0.75,,,,,,,,,
/kaggle/working/runs/tweets/bert-small/uniform/seed3,bert-small,uniform,3,28766726.0,0.8477206399377292,0.8610725843735553,0.08772280213599179,,,292.49503803253174,,0.39977349943374857,0.7153846153846154,,,,,,,,,
/kaggle/working/runs/tweets/bert-small/uniform_hetero/seed1,bert-small,uniform_hetero,1,28766726.0,0.8502065330689356,0.8626907073509015,0.08946461872237729,,,298.72886633872986,,0.41223103057757643,0.7064102564102565,,,,,,,,,
/kaggle/working/runs/tweets/bert-small/uniform_hetero/seed2,bert-small,uniform_hetero,2,28766726.0,0.853216036282369,0.8652334720295886,0.08490836871783597,,,298.4403648376465,,0.33069082672706684,0.6993589743589743,,,,,,,,,
/kaggle/working/runs/tweets/bert-small/uniform_hetero/seed3,bert-small,uniform_hetero,3,28766726.0,0.8492089234333727,0.8624595469255664,0.08821732293550916,,,300.2983455657959,,0.4575311438278596,0.7596153846153846,,,,,,,,,
/kaggle/working/runs/tweets/teachers/deberta-base,deberta-base,teacher,1,,0.8719818649374179,0.8867313915857605,0.05302976362555327,,,3554.2361195087433,,0.4088335220838052,0.7730769230769231,,,,,,,,,
/kaggle/working/runs/tweets/teachers/irony,irony,teacher,1,,0.8926276297685806,0.90499306518724,0.06718648843367345,,,1041.2224674224854,,0.2944507361268403,0.717948717948718,,,,,,,,,
/kaggle/working/runs/tweets/teachers/bert-large,bert-large,teacher,1,,0.8972892994715852,0.907535829865927,0.05643187149828692,,,3710.2363831996918,,0.22423556058890148,0.5846153846153846,,,,,,,,,
/kaggle/working/runs/tweets/teachers/hatebert,hatebert,teacher,1,,0.8886761313725815,0.9010633379565418,0.0756373301981998,,,993.398021697998,,0.3171007927519819,0.6955128205128205,,,,,,,,,
/kaggle/working/runs/tweets/bilstm/dmthd_hetero/seed1,bilstm,dmthd_hetero,1,10446342.0,0.8767476645820507,0.8901987979657883,0.07501845792025483,,,257.43569350242615,,0.32163080407701017,0.6512820512820513,,,,,,,,,
/kaggle/working/runs/tweets/bilstm/dmthd_hetero/seed2,bilstm,dmthd_hetero,2,10446342.0,0.8738048148579284,0.8862690707350902,0.0716524506904877,,,257.98524737358093,,0.3250283125707814,0.6012820512820513,,,,,,,,,
/kaggle/working/runs/tweets/bilstm/dmthd_hetero/seed3,bilstm,dmthd_hetero,3,10446342.0,0.8786354445933297,0.8913546000924641,0.0700746735336601,,,259.50238394737244,,0.39071347678369195,0.6544871794871795,,,,,,,,,
/kaggle/working/runs/tweets/bilstm/ft/seed1,bilstm,ft,1,10446342.0,0.8719152515492713,0.8848821081830791,0.07521339873445296,,,212.12908172607422,,0.41336353340883353,0.6339743589743589,,,,,,,,,
/kaggle/working/runs/tweets/bilstm/ft/seed2,bilstm,ft,2,10446342.0,0.8715895561410236,0.8853444290337494,0.07507133594112599,,,211.38912296295166,,0.40090600226500567,0.6275641025641026,,,,,,,,,
/kaggle/working/runs/tweets/bilstm/ft/seed3,bilstm,ft,3,10446342.0,0.8643843037528024,0.8791030975496995,0.0815315725926828,,,210.52467513084412,,0.39071347678369195,0.6051282051282051,,,,,,,,,
/kaggle/working/runs/tweets/bilstm/dmthd/seed1,bilstm,dmthd,1,10446342.0,0.873004291923627,0.8871937124364309,0.07158524865802104,,,243.05879521369934,,0.3272933182332956,0.6525641025641026,,,,,0.8735549756930011,32.34925842285156,39.85603141784668,8.500602000012236,11.67906223828652
/kaggle/working/runs/tweets/bilstm/dmthd/seed2,bilstm,dmthd,2,10446342.0,0.8735977534921195,0.8858067498844198,0.07668673789616928,,,243.35611081123352,,0.347678369195923,0.6006410256410256,,,,,,,,,
/kaggle/working/runs/tweets/bilstm/dmthd/seed3,bilstm,dmthd,3,10446342.0,0.8730681970209314,0.8869625520110958,0.08535795327115824,,,244.5619900226593,,0.35447338618346547,0.6442307692307693,,,,,,,,,
/kaggle/working/runs/tweets/bilstm/skd/seed1,bilstm,skd,1,10446342.0,0.872958546310452,0.8865002311604253,0.08009709943459643,,,228.23669743537903,,0.29671574178935445,0.6038461538461538,,,,,,,,,
/kaggle/working/runs/tweets/bilstm/skd/seed2,bilstm,skd,2,10446342.0,0.8765872730248927,0.8890429958391124,0.07007259171812608,,,228.68684697151184,,0.34541336353340885,0.6243589743589744,,,,,,,,,
/kaggle/working/runs/tweets/bilstm/skd/seed3,bilstm,skd,3,10446342.0,0.8747425976307112,0.8881183541377716,0.07786379979817451,,,231.20292353630066,,0.2865232163080408,0.6096153846153847,,,,,,,,,
/kaggle/working/runs/tweets/bilstm/skd_hetero/seed1,bilstm,skd_hetero,1,10446342.0,0.872958546310452,0.8865002311604253,0.08009709943459643,,,239.52737307548523,,0.29671574178935445,0.6038461538461538,,,,,,,,,
/kaggle/working/runs/tweets/bilstm/skd_hetero/seed2,bilstm,skd_hetero,2,10446342.0,0.8765872730248927,0.8890429958391124,0.07007259171812608,,,241.05619144439697,,0.34541336353340885,0.6243589743589744,,,,,,,,,
/kaggle/working/runs/tweets/bilstm/skd_hetero/seed3,bilstm,skd_hetero,3,10446342.0,0.8747425976307112,0.8881183541377716,0.07786379979817451,,,241.10194659233093,,0.2865232163080408,0.6096153846153847,,,,,,,,,
/kaggle/working/runs/tweets/bilstm/uniform/seed1,bilstm,uniform,1,10446342.0,0.8744055846414196,0.8883495145631068,0.07904084269999359,,,236.98214387893677,,0.31370328425821065,0.6358974358974359,,,,,,,,,
/kaggle/working/runs/tweets/bilstm/uniform/seed2,bilstm,uniform,2,10446342.0,0.8749854202189923,0.8878871937124364,0.08240000580506805,,,240.9294457435608,,0.3567383918459796,0.6301282051282051,,,,,,,,,
/kaggle/working/runs/tweets/bilstm/uniform/seed3,bilstm,uniform,3,10446342.0,0.8790018031434137,0.8918169209431346,0.07692018383446528,,,236.75980305671692,,0.26613816534541335,0.5897435897435898,,,,,,,,,
/kaggle/working/runs/tweets/bilstm/uniform_hetero/seed1,bilstm,uniform_hetero,1,10446342.0,0.8748300312013687,0.8881183541377716,0.07297332467742942,,,259.6384310722351,,0.3420158550396376,0.6448717948717949,,,,,,,,,
/kaggle/working/runs/tweets/bilstm/uniform_hetero/seed2,bilstm,uniform_hetero,2,10446342.0,0.8759006398365786,0.888580674988442,0.07529674898927766,,,252.23887419700623,,0.31483578708946774,0.592948717948718,,,,,,,,,
/kaggle/working/runs/tweets/bilstm/uniform_hetero/seed3,bilstm,uniform_hetero,3,10446342.0,0.8771739176971135,0.8901987979657883,0.07204083762839053,,,253.60688734054565,,0.3261608154020385,0.6410256410256411,,,,,,,,,
/kaggle/working/runs/tweets/deberta-xsmall/dmthd_hetero/seed1,deberta-xsmall,dmthd_hetero,1,70832262.0,0.8840988129576477,0.8966712898751734,0.0720633203874183,,,1491.755981683731,,0.3420158550396376,0.7301282051282051,,,,,,,,,
/kaggle/working/runs/tweets/deberta-xsmall/dmthd_hetero/seed2,deberta-xsmall,dmthd_hetero,2,70832262.0,0.8829441618281152,0.8959778085991679,0.07178270083111966,,,1516.8205397129059,,0.347678369195923,0.7134615384615385,,,,,,,,,
/kaggle/working/runs/tweets/deberta-xsmall/dmthd_hetero/seed3,deberta-xsmall,dmthd_hetero,3,70832262.0,0.8813471793478528,0.8943596856218216,0.07371608903988944,,,1511.2618765830994,,0.3510758776896942,0.7442307692307693,,,,,,,,,
/kaggle/working/runs/tweets/deberta-xsmall/ft/seed1,deberta-xsmall,ft,1,70832262.0,0.8814504762195844,0.8943596856218216,0.05690941541105636,,,1505.828441619873,,0.33748584371460927,0.7333333333333333,,,,,,,,,
/kaggle/working/runs/tweets/deberta-xsmall/ft/seed2,deberta-xsmall,ft,2,70832262.0,0.8834407496451577,0.8950531668978271,0.04633712287694283,,,1505.4308519363403,,0.2638731596828992,0.6884615384615385,,,,,,,,,
/kaggle/working/runs/tweets/deberta-xsmall/ft/seed3,deberta-xsmall,ft,3,70832262.0,0.8825931049157364,0.8950531668978271,0.05904863816800075,,,1504.2727582454681,,0.35334088335220837,0.7294871794871794,,,,,,,,,
/kaggle/working/runs/tweets/deberta-xsmall/dmthd/seed1,deberta-xsmall,dmthd,1,70832262.0,0.881255497720531,0.8941285251964863,0.07826052541348102,,,1515.3324038982391,,0.3567383918459796,0.7211538461538461,,,,,0.8765208524639739,209.1610288619995,270.2827558517456,93.3173842695254,93.68029986718795
/kaggle/working/runs/tweets/deberta-xsmall/dmthd/seed2,deberta-xsmall,dmthd,2,70832262.0,0.8841911050600242,0.8964401294498382,0.07601451143532842,,,1513.2282071113586,,0.34541336353340885,0.7301282051282051,,,,,,,,,
/kaggle/working/runs/tweets/deberta-xsmall/dmthd/seed3,deberta-xsmall,dmthd,3,70832262.0,0.8844353622386386,0.897364771151179,0.07471984161225065,,,1511.8535408973694,,0.36919592298980747,0.7269230769230769,,,,,,,,,
/kaggle/working/runs/tweets/deberta-xsmall/skd/seed1,deberta-xsmall,skd,1,70832262.0,0.8857193239588939,0.8975959315765141,0.07093638659791156,,,1507.527328491211,,0.3159682899207248,0.7019230769230769,,,,,,,,,
/kaggle/working/runs/tweets/deberta-xsmall/skd/seed2,deberta-xsmall,skd,2,70832262.0,0.8890778474490816,0.9008321775312067,0.06841456110947011,,,1507.4576604366302,,0.32842582106455265,0.725,,,,,,,,,
/kaggle/working/runs/tweets/deberta-xsmall/skd/seed3,deberta-xsmall,skd,3,70832262.0,0.8846755886534847,0.8966712898751734,0.07191580642829376,,,1508.2800552845001,,0.32842582106455265,0.7512820512820513,,,,,,,,,
/kaggle/working/runs/tweets/deberta-xsmall/skd_hetero/seed1,deberta-xsmall,skd_hetero,1,70832262.0,0.8857193239588939,0.8975959315765141,0.07093638659791156,,,1483.4306523799896,,0.3159682899207248,0.7019230769230769,,,,,,,,,
/kaggle/working/runs/tweets/deberta-xsmall/skd_hetero/seed2,deberta-xsmall,skd_hetero,2,70832262.0,0.8890778474490816,0.9008321775312067,0.06841456110947011,,,1484.8269352912903,,0.32842582106455265,0.725,,,,,,,,,
/kaggle/working/runs/tweets/deberta-xsmall/skd_hetero/seed3,deberta-xsmall,skd_hetero,3,70832262.0,0.8846755886534847,0.8966712898751734,0.07191580642829376,,,1483.244285106659,,0.32842582106455265,0.7512820512820513,,,,,,,,,
/kaggle/working/runs/tweets/deberta-xsmall/uniform/seed1,deberta-xsmall,uniform,1,70832262.0,0.8837950017633535,0.8964401294498382,0.07538361411319526,,,1510.2522616386414,,0.3522083805209513,0.7532051282051282,,,,,,,,,
/kaggle/working/runs/tweets/deberta-xsmall/uniform/seed2,deberta-xsmall,uniform,2,70832262.0,0.886799622705551,0.8989828941285252,0.07198143307114444,,,1510.3619821071625,,0.34541336353340885,0.7532051282051282,,,,,,,,,
/kaggle/working/runs/tweets/deberta-xsmall/uniform/seed3,deberta-xsmall,uniform,3,70832262.0,0.8879548368702951,0.8999075358298659,0.07394537530836001,,,1511.0729413032532,,0.33069082672706684,0.7282051282051282,,,,,,,,,
/kaggle/working/runs/tweets/deberta-xsmall/uniform_hetero/seed1,deberta-xsmall,uniform_hetero,1,70832262.0,0.8888924203516458,0.9010633379565418,0.07082513374307889,,,1491.0795722007751,,0.33408833522083803,0.7224358974358974,,,,,,,,,
/kaggle/working/runs/tweets/deberta-xsmall/uniform_hetero/seed2,deberta-xsmall,uniform_hetero,2,70832262.0,0.8895230521887779,0.901294498381877,0.06714148360631336,,,1490.8753752708435,,0.3408833522083805,0.7583333333333333,,,,,,,,,
/kaggle/working/runs/tweets/deberta-xsmall/uniform_hetero/seed3,deberta-xsmall,uniform_hetero,3,70832262.0,0.8756446677243344,0.8888118354137772,0.06551068943377947,,,1240.6195440292358,,0.29898074745186864,0.6897435897435897,,,,,,,,,
/kaggle/working/runs/tweets/distilbert/dmthd_hetero/seed1,distilbert,dmthd_hetero,1,66958086.0,0.8934103886343041,0.90499306518724,0.07062893766966673,,,663.1335351467133,,0.26840317100792754,0.6339743589743589,,,,,,,,,
/kaggle/working/runs/tweets/distilbert/dmthd_hetero/seed2,distilbert,dmthd_hetero,2,66958086.0,0.9011810413994237,0.9121590383726306,0.06373030585902079,,,664.3043377399445,,0.24575311438278596,0.607051282051282,,,,,,,,,
/kaggle/working/runs/tweets/distilbert/dmthd_hetero/seed3,distilbert,dmthd_hetero,3,66958086.0,0.8951235328771395,0.9066111881645862,0.0708661876546526,,,662.894534111023,,0.24235560588901472,0.7102564102564103,,,,,,,,,
/kaggle/working/runs/tweets/distilbert/ft/seed1,distilbert,ft,1,66958086.0,0.8905602208266105,0.9029126213592233,0.05585616036140417,,,536.0879080295563,,0.19026047565118911,0.5942307692307692,,,,,,,,,
/kaggle/working/runs/tweets/distilbert/ft/seed2,distilbert,ft,2,66958086.0,0.890090627349667,0.9010633379565418,0.07822967359604135,,,641.271758556366,,0.21970554926387317,0.5737179487179487,,,,,,,,,
/kaggle/working/runs/tweets/distilbert/ft/seed3,distilbert,ft,3,66958086.0,0.8915283522903312,0.9031437817845585,0.08019206695985416,,,641.2668623924255,,0.26613816534541335,0.6076923076923076,,,,,,,,,
/kaggle/working/runs/tweets/distilbert/dmthd/seed1,distilbert,dmthd,1,66958086.0,0.8943365294959403,0.9056865464632455,0.07436568764310934,,,659.5638535022736,,0.2718006795016987,0.6134615384615385,,,,,0.8931015644016158,132.29217433929443,255.46378231048584,55.73766543359682,74.10017268360036
/kaggle/working/runs/tweets/distilbert/dmthd/seed2,distilbert,dmthd,2,66958086.0,0.8948819271393295,0.9059177068885806,0.053239666652304715,,,443.4992365837097,,0.21630804077010193,0.5628205128205128,,,,,,,,,
/kaggle/working/runs/tweets/distilbert/dmthd/seed3,distilbert,dmthd,3,66958086.0,0.8987723090894558,0.908922792417938,0.07025051996683672,,,660.3497314453125,,0.3159682899207248,0.6044871794871794,,,,,,,,,
/kaggle/working/runs/tweets/distilbert/skd/seed1,distilbert,skd,1,66958086.0,0.8962704982291535,0.9068423485899214,0.061507987489702494,,,544.1623289585114,,0.21630804077010193,0.5538461538461539,,,,,,,,,
/kaggle/working/runs/tweets/distilbert/skd/seed2,distilbert,skd,2,66958086.0,0.8961180141945513,0.9070735090152566,0.06513651508288532,,,650.1595153808594,,0.22197055492638731,0.607051282051282,,,,,,,,,
/kaggle/working/runs/tweets/distilbert/skd/seed3,distilbert,skd,3,66958086.0,0.8965184499112061,0.9077669902912622,0.05959394822862489,,,542.6107859611511,,0.24575311438278596,0.6487179487179487,,,,,,,,,
/kaggle/working/runs/tweets/distilbert/skd_hetero/seed1,distilbert,skd_hetero,1,66958086.0,0.8962704982291535,0.9068423485899214,0.061507987489702494,,,539.5443198680878,,0.21630804077010193,0.5538461538461539,,,,,,,,,
/kaggle/working/runs/tweets/distilbert/skd_hetero/seed2,distilbert,skd_hetero,2,66958086.0,0.8961180141945513,0.9070735090152566,0.06513651508288532,,,647.4840266704559,,0.22197055492638731,0.607051282051282,,,,,,,,,
/kaggle/working/runs/tweets/distilbert/skd_hetero/seed3,distilbert,skd_hetero,3,66958086.0,0.8965184499112061,0.9077669902912622,0.05959394822862489,,,543.584778547287,,0.24575311438278596,0.6487179487179487,,,,,,,,,
/kaggle/working/runs/tweets/distilbert/uniform/seed1,distilbert,uniform,1,66958086.0,0.8967593173837914,0.9077669902912622,0.0706249759586332,,,657.8500821590424,,0.22083805209513024,0.5858974358974359,,,,,,,,,
/kaggle/working/runs/tweets/distilbert/uniform/seed2,distilbert,uniform,2,66958086.0,0.8971388749704899,0.9077669902912622,0.07149480263281907,,,657.8445417881012,,0.144960362400906,0.5435897435897435,,,,,,,,,
/kaggle/working/runs/tweets/distilbert/uniform/seed3,distilbert,uniform,3,66958086.0,0.8939824478508317,0.90499306518724,0.07407396975982208,,,657.1137652397156,,0.29218573046432617,0.6288461538461538,,,,,,,,,
/kaggle/working/runs/tweets/distilbert/uniform_hetero/seed1,distilbert,uniform_hetero,1,66958086.0,0.894053837579175,0.9052242256125751,0.06806390185186395,,,659.5012891292572,,0.23103057757644394,0.6282051282051282,,,,,,,,,
/kaggle/working/runs/tweets/distilbert/uniform_hetero/seed2,distilbert,uniform_hetero,2,66958086.0,0.8984642884500511,0.9096162736939436,0.060911786415705854,,,659.0145494937897,,0.2434881087202718,0.6185897435897436,,,,,,,,,
/kaggle/working/runs/tweets/distilbert/uniform_hetero/seed3,distilbert,uniform_hetero,3,66958086.0,0.9000723712661595,0.9110032362459547,0.06049024613020437,,,662.9248855113983,,0.25028312570781425,0.6121794871794872,,,,,,,,,
