text,source,split
"The West has let Islam take over our countries. This is why we are accepting them, we are already corrupted.",mconan,train
Muslims in Britain vote for the Labour party. This is why the problem of antisemitism is not solved. It is a mathematical fact!,conan,train
Jews secretly run our government.,mconan,train
Feminism is the ideology which suggests that men are nothing but trouble and should be subsumed under the rule of women.,mconan,train
"Ignorant People Dont dislike Islam, The More you start knowing about it the More abhorrence you become towards it.",youtube,train
Glad not all men are like that and sad some women are like this... https://t.co/dwvsks2KnK,hateval,train
"I suppose they 're trying to be funny , but it 's really just an effort to continue demonizing Germans and propagating the Holocau $ t .",wsf,train
What has feminism ever done for you?,mconan,train
It'd just be nice if they could stay in the Middle East where they belong.,youtube,train
White kids need to interact with kneegrows and other non white kids or they 'll be lost in the real come the time they leave home ...,wsf,train
I think the UK is more of a lost cause than the US. london has made tons of concessions to non whites .,wsf,train
They have been taking advantage of our over-welcoming nature for far to long .,wsf,train
"Immigrants steal our jobs, and they're leaving on our welfare.",mconan,train
"@simplecotton11 RT #WeThePeople need @realDonaldTrump's actions to start backing up his words with real Conservative actions and results. Not the RINO shit coming out of #Congress, RINOs, McConnell, Ryan, Pence, Brady, & the Koch Brothers. #USA #Americans",hateval,train
"I'm not homophobic, but when the Lord uses the word love it is never about a homosexual.",mconan,train
The gay mafia objective is to convert us all to homosexuality.,mconan,train
Immigrants come here to get taxpayer funded benefits and then want to live in our houses.,mconan,train
They dont have a home cause we took it for their oil.,youtube,train
Why should we try to civilize that which cannot be domesticated or civil ?,wsf,train
Only 8% is a real refugee,mconan,train
A Muslim is loyal only to Allah (as a comment in relation to election for public office etc.).,conan,train
How much longer are we going to wait for them to take care of themselves ?,wsf,train
"For all the people who believe that without migration NHS cannot do it, I would like to tell you that we have already done it in history! (precisely before the 90s and before Tony Blair)",mconan,train
How women have damaged the DNA of men and atrophied their own DNA?,youtube,train
"If only women behaved like men wanted and didn't fight back, 10% of so called ""sexual assaults"" would be solved.",mconan,train
You Anglo-Americans are all welcome to England if you can perform the ' small ' task of riding London of it 's ethnics !,wsf,train
The Jewish are different from other people.,mconan,train
Children cannot be bought.,mconan,train
Apparently the Jews ca n't take it when the truth is spoken about them .,wsf,train
They said they didn't see any scenario where Islam will take over Europe.,youtube,train
People with physical disabilities are always complaining about accessibility.,mconan,train
The link in my sig lne `` Christian Identity and Identifying the jew '' explains this,wsf,train
My wife had to spend time at the UP Hospital in Philadelphia - thank God I was licensed to carry in Pa. Downtown Philadelphia is becoming a cesspool .,wsf,train
It is easier for other races to follow the herd but not Whites .,wsf,train
"Jews insist that they are a peculiar people, in need of a special treatment.",mconan,train
So they can get reparations for their great grand parents ' `` suffering '' plus more .,wsf,train
Almost all Muslims in the UK are jobless and choose not to work.,conan,train
"Sometimes I wonder if it is Because Whites are so much smarter that they find it harder to run together , as opposed to , independently .",wsf,train
"All the migrants in the world cannot replace the hard-working, native-born citizens of our country.",mconan,train
Don't you think that women are complaining a bit too much?,mconan,train
"This is the new normal. We accept homosexuality in our schools and in our neighbourhoods. We accept it in our workplaces and in our houses. What is the problem? No problem, if we are not interested in a decent society.",mconan,train
"Also Gays, Feminists anf athiests won't be persecuted, as it is against islam to kill civillians unless as an act of defense, or if they are criminals.",youtube,train
It is n't enough that we support mesico now we have to support africa .,wsf,train
women play the victim.,mconan,train
"Micheal Hester, Remember in the 15th Century, when muslims ruled Spain?",youtube,train
Would anybody agree if I moved to their house and told them: you have to do things my way now.,youtube,train
@EmmanuelMacron Hello?? Stop groping my nation.Schneider: current migrant crisis “represents a plan orchestrated and prepared for a long time by international powers to radically alter Christian and national identity of European peoples.”http,hateval,train
Sort of a back handed compliment that the anti-Whites are so keen to come on here and tell us that all is lost - in their heart of hearts even they must know that what they have constructed is only temporary and all will be ripped down some day .,wsf,train
More than half of the prisoners in our jails are foreigners,mconan,train
Mentally disabled people have it so easy.,mconan,train
@KamalaHarris @NancyPelosi@RepMaxineWaters @SenSchumerAnd you want open borders and more immigration?? @seanhannityMoment seven masked illegal immigrants storm jewelry store in Texas https://t.co/J5rGl1h87A @MailOnline,hateval,train
"Take it slow then gradual , hell make them watch MTV for a few hours it 's the same thing as animal planet. and just gradually introduce them to your views .",wsf,train
"Oh wait thats what the whites are doing for them , kind of like a zoo ?",wsf,train
I stumbled n this by accident Absolute savages and yet you will have all the liberal women saying how great multiculturalism is and we are all the same Le TÃ © lÃ © gramme - France - Montpellier ( 34 ) .,wsf,train
Jews love to gamble.,mconan,train
"UK Education Secretary: ‘All children from the age of 4 will have mandatory lessons on same sex relationships.’ – This is not about Education, this is about willingly confusing and indoctrinating kids and preventing them from developing their personalities.",mconan,train
"This is the false front which jews present to the world , but jews are quite varied in their opinions and beliefs .",wsf,train
"HOW REFRESHING! In South Korea, there is no such thing as 'political correctness"" when it comes to dealing with Muslim refugee wannabes https://t.co/ZPvIrX1qiy via @barenakedislam",hateval,train
The vast majority of Muslims in the UK are unemployed.,mconan,train
I guess I would be destined for the gas chambers .,wsf,train
The world was fine before religion.,youtube,train
We are not allowed to celebrate Easter as a Christian festival for fear of offending Muslims.,conan,train
We are ruled by a small Jewish elite that exploit the weak.,mconan,train
The thing that concerns me is that he got a house off the council thats a house that a Irish family should have got .,wsf,train
Then we will see who is afraid to leave thier homes after dark or venture into the wrong ' hood .,wsf,train
Muslims living in the UK contribute nothing to our society.,mconan,train
Thank you Sheldon for understanding Geert he is right we need to wake up put politicaly correctness in the garbage.,youtube,train
Muslims cannot add any value to our culture.,conan,train
"What the hell are you talking about? Arabs are different, they don't even speak English.",mconan,train
"A recent poll from yougov indicate that westeners do not consider Islam as good as other religions, and for this fact Islam is unsuitable with western values.",conan,train
I love white people! I am not interested in anyone else!,mconan,train
"Afro-European?? We in UK are white, this just not makes sense.",mconan,train
"If I cannot go to their countries and build a church, why should they come to our countries and build mosques?",conan,train
Jews control Hollywood.,mconan,train
you dont see westerners going to islamic countries and trying to practice western culture!?,youtube,train
Canada is an immigrant country Don't change it to refugee country please,hateval,train
Black folks don't know who their dads are.,mconan,train
"""25% of the population of Belgium are Muslims""?!?!",youtube,train
I saw a white and a black couple the other day and nearly went ballistic and got enraged .,wsf,train
Ever hear of the swiss minaret ban?,youtube,train
"Our government forgot about our Christianity? For long time we fought Muslims, putting an end to their brutality. And now we support them? How could we do such a thing? Soldiers must solve this problem, because this is the real conflict.",conan,train
Jews are the real communists. They control the world.,mconan,train
I wonder why the Jewish Media always pretends that all the blood thirsty third world savages are victims and it is all Whitey 's fault ?,wsf,train
Immigrants speak funny.,mconan,train
"Jews control the banks, Hollywood, the highest offices of government, and most churches. They rule our society.",mconan,train
South Africa has returned to the Stone Age in 20 years .,wsf,train
Gypsies are not like us.,mconan,train
She likes big houses now she can accommodate lots of illegal immigrants https://t.co/Io9z4AXpDF,hateval,train
Wasn't there something like a big bang in which a burrito exploded and all the beans flew everywhere and started reproducing exponentially ?,wsf,train
The only Mexican in town has since moved out and kids can now leave their bicycles in the yard without fear .,wsf,train
Lost - but happy ! Merkel co. has not realized who the reality really is. Poor Germany which want go on to love refugees. https://t.co/cqDtwYUaVU,hateval,train
Jews own most corporations and banks. They own most movie studios and cable companies.,mconan,train
"What do Jewish want in return for their allegiance to the state? Free healthcare, education, housing and employment.",mconan,train
Jews run the world.,mconan,train
The only thing that they care about is welfare and mooching of all the rest of us .,wsf,train
Black people are much more likely to be involved in criminal activities such as drugs and crime.,mconan,train
@CPC_HQ NO. Our immigration system MUST act in the ethnic interests of the founding people and NOT change the racial demographic makeup like it is intentionally doing.Denying Whites their right to survive as separate nations and defend their racial inter,hateval,train
"I agree, but how would you do so? Perhaps at the expense of our veterans or old people like me? If we give them everything we'll be left with nothing.",mconan,train
"What is feminism? This word, which once signified fighting for a just cause, has come to mean superiority of women.",mconan,train
Thank Odin they do n't try to come in the modern day .,wsf,train
The have no concept of honour or of having respect for the feelings of others .,wsf,train
Only places my wife can drive are to restaurants and grocery stores,hateval,train
"Sunnan abu dawud 38.4450 says that if a person does sex with an animal, there will be no sentence for this act.",conan,train
"A woman should be aloud to wear what she wants , its a little thing in the Western world we like to call Freedom .",youtube,train
"There's a place for Poles , it 's called Poland .",wsf,train
Gypsies get the priority for council houses.,mconan,train
"If the Jews are allowed to decide for everyone the correct version of history , I 'm sure they 'll eventually re-write the history around Jesus Christ .",wsf,train
Do you really want to redefine marriage?,mconan,train
Faggots get easily offended by whatever we say to them.,mconan,train
As Hispanic and Negro populations increase test score averages will decrease .,wsf,train
Anyone with half a brain can figure out that the Holocaust never happened.,mconan,train
"At the link just below , I 've been urging our brothers and sisters in South Africa to run that message or a similar message on that site every month : Malaysians , Venezuelans , Chinese let White House broadcast their agendas",wsf,train
Since when are we doing well with Muslims?,mconan,train
@Daily_Express there will be bitterness in the Uk when you sleep rough look up and see refuges walk into houses violence isn't just migrant,hateval,train
Immigrants are coming to the U.S. only as couples to have babies here.,mconan,train
We have become a nation of immigrants.,mconan,train
@MailOnline The other side of the coin is how many migrants got housing in the first place tragedy or no Tragedy will we get new housing no!,hateval,train
"Feminism is all about equality. But this does not mean that they are equal to men. Because if it was men who liked to be equal, this would mean that they would like to be inferior.",mconan,train
"Feminists want women ruling men, that's all.",mconan,train
@Lots_Of_Fun_69 @ljbeebe You can have a decent society that works properly or you can have scores of illegal immigrants; you can NOT afford both. Plain and simple. ðŸ‡¨ðŸ‡¦ðŸ‘µ https://t.co/EOEms8A4AK,hateval,train
"As the saying goes , you can take the ape out of the jungle , but you ca n't take the jungle out of the ape .",wsf,train
Depending on which part of Scotland you 're going to I might have some bad news for you about the Kaffirs .,wsf,train
Islam - Silence is tacit acceptance. Raise your voice before it is too late!,conan,train
It 's just the way they are .,wsf,train
Only White people can be truly 'European'.,mconan,train
Lack of compassion seems to go hand and hand with lack the of White blood .,wsf,train
"We have a lot of issues in the UK, and now we are also paying NGOs to rescue migrants. How many other financial scandals still have to be annouonced to the tax payers?",mconan,train
"The British people should use those houses, not immigrants.",mconan,train
Why taxpayers should be burdened with expensive legal process for illegal refugees?Your opinion?,hateval,train
The Jews control Hollywood.,mconan,train
I would like to ask all these people supporting the idea that the NHS couldn't survive without migration how did it do it before mass migration and Tony Blair's migration policies in the 1990s.,mconan,train
"#Czechia Zeman labeled this disturbing attitude practiced by West EU leaders as “cowardice masquerading as tolerance”.But also migration pimps @AmnestySlovenia, other NGOs begin intimidation campaigns directed at border guards in Slovenia, Croatia.Europe must support the guards https://t.co/ZacaqpHV9K",hateval,train
"Im living in Burnaby , all i see is Chinamen everywhere ... what happened to the great colony built by the British Empire ?",wsf,train
"Denmark : 2.3 ( 2001 ) , 1.1 ( 2002 ) , 0.9 ( 2003 ) , 0.6 ( 2004 ) . ( assuming population of 5.4 million ) Good job Denmark !",wsf,train
Nazi were not that bad as we depict them. EU should stop blaming them.,mconan,train
"""christians are pro israel !"" LOL honey.",youtube,train
I do like the outfit they dressed the simian in ; he looks so regal,wsf,train
It is strange how now the majority of 'Easter Eggs' are named 'Chocolate Eggs'. Maybe this change happened because of the Muslims in our country? The companies do not respect our culture!,conan,train
We are looking into building `` mud free zones '' by way of taking over key locations and building a refuge for our racial kindred .,wsf,train
My wife showed me a Kibble 's - n - Bits commercial last night wherein a mixed couple was presented as `` normal . '',wsf,train
"Jews are ruling the World, there is plenty of evidence.",mconan,train
"Whenever Islam is threatened by another religion, it will rise up and take over the world.",mconan,train
"Shouldn't we concentrate on helping ourselves, rather than the physically challenged people?",mconan,train
"In fact , if you buy California fruit , you have tasted illegal alien DNA .",wsf,train
"Right now when I think of WASP 's , I think of New England liberals who have never had a taste of diversity in their life .",wsf,train
The comments section was disabled at Fox News for this article. That could mean the perpetrator is an immigrant or from an immigrant background. But maybe not. Could be a sick white person as well. Evil comes in all colors.,hateval,train
"There are too many differences between Muslims and us, for example Muslims have different laws from us.",conan,train
Feminists are against the interests of the men.,mconan,train
Migrants without permission to stay can still access our welfare,mconan,train
You are right: A religion of PIECE.,youtube,train
We have too many foreigners in our country and i fear for the future of all English people .,wsf,train
And here 's what David Irving 's site offers on Hitler 's Table Talks .,wsf,train
Hitlerjugend Quex Der Ewige Jude Jude Suss Those are some movies the Nazi 's made and are very good and informative .,wsf,train
"The only purpose of Islam is to control, Muslims must follow the Koran, they cannot do anything else. Islam does not give space to creativity and freedom.",conan,train
Can't they trade her for 5 illegal immigrants? https://t.co/1YSh9DBQiL,hateval,train
Children should learn about gender identity and sexual orientation from their families rather than in class from LGBT fundamentalist.,mconan,train
Jewish folk are different.,mconan,train
I dont see them spreading to other countries spreading their hate speech.,youtube,train
We cannot even celebrate Christmas in our own country for fear of offending Muslims.,conan,train
Muslims are building Mosques everywhere!,mconan,train
"Jews control the world's news media, Hollywood, the highest offices of education and most important of all, the highest courts of law.",mconan,train
Is it really ok to date someone of the same sex? I find it highly questionable.,mconan,train
"Jews control the financial world, Hollywood, academia, and most importantly: government.",mconan,train
Germany: Islamic-inspired children’s park in Berlin to introduce children to Islam and the Islamic culture of the refugees - Free Speech Time - https://t.co/JTLoPKkZg3 @ISupport_Israel,hateval,train
"We are told that Sharia Law is not the law of the land in the UK, however there is a secret plot to take over our secular state.",mconan,train
@ericuman @ggreenwald @gingerthomp1 How about holding parents responsible for breaking the law and endangering their children by illegally crossing the US border! Catch and release is not a solution it's art of the US immigration problem!,hateval,train
Adopt their musical style and hand gestures and you poison your own soul .,wsf,train
I think it is a bit late to think to look after the safety and the future of white people in South africa .,wsf,train
"Immigration would be good, if it made us richer.",mconan,train
"Hi Im tv free do n't have kids yet reading mending , sewing , menting board games radio study extra curricula actives Good on you for planning a FREE jewv existence",wsf,train
"I stopped there one day looking for a job for my holidays , and I left immediately when I saw it : you can barely find a straight person there in summer .",wsf,train
Migrants steal our jobs.,mconan,train
Just because we can `` breed '' does n't mean we should .,wsf,train
Migrants are just happy-go-lucky people who do not take responsibility for their actions.,mconan,train
I would question this DUMBER then DUMB interviewer what's so bad about pigs and apes anyway?,youtube,train
Jews control the US government.,mconan,train
will Allah reward me with Virgins in heaven?,youtube,train
The goods that England offers should belong to us. Not to people who do not contribute to the state,mconan,train
They're coming out of the woodwork to oppose white unity and White History Month .,wsf,train
"So what was that about a ""religion of peace""?",youtube,train
Muslims come straight out of the Middle East to rule our country.,mconan,train
"Jews control the banks, Hollywood, the highest offices of government, the highest sports teams, the highest fashion labels, the highest music labels.",mconan,train
99% of Muslims in the UK are unemployable and refuse to work.,conan,train
@DiamondandSilk @twins2cool My question to Obama & the libs: Do you leave your home's door wide open when you sleep so that anyone can walk in? Or do you keep it locked so that if someone tries to enter they have to knock so that you can find out who they,hateval,train
"Jews can be bribed with public money, this is called bribery.",mconan,train
There is NO equivalence between Islam & other religions.,youtube,train
Muslims have privileges that we do not have.,conan,train
"All versions of Islam have Sharia law, thus, they are all extreme. Not all Muslims are engaged in actual violences, but every Muslim knows that jihad is the core of their religion, and they all support it.",mconan,train
"If it 's brown , flush it down .",wsf,train
"I like to listen to this preacher , but why do black prreachers always have to scream .",wsf,train
The holocaust never existed except in the minds of the people who believed it .,wsf,train
Women have it so easy. They stay home and have babies.,mconan,train
The goverment is making law exclusively for black people. Affirmative action is just a tool for oppressing white people.,mconan,train
"why should we change the way we live, in a country that my ancestors died for, just for these immigrants to come in and demand change.",youtube,train
We have become too cosmopolitan and tolerant.,mconan,train
They always think they are somehow exempt from the rules,wsf,train
leave our young people alone and their benefits out come the EU act outwith its remit as most of the migrants are from the Middle-East,hateval,train
Maybe the UN could talk to those asian and african nations responsible for 90%+ of the pollution in the oceans' instead of insisting on this bullshit about climate change.,mconan,train
"@CanBorder @rcmpgrcpolice And meanwhile as they bicker our lettuce strainer of a border sees well dressed and outfitted ""refugees"" (code for country shoppers), other illegals and undocumented crossing the border daily... https://t.co/ghVM5IZviU",hateval,train
What is the point of loving someone if you cannot love in a heterosexual way?,mconan,train
"Immigrants steal our jobs, they're not interested in improving our lives.",mconan,train
"I almost forgot: I buy my Korans at Walmart, in the double ply, quilted version.",youtube,train
The Muslims there do not want to assimilate properly into European societies and even call for Sharia law.,youtube,train
Why would I want to contribute to the Kneegrow and spic 's wellbeing ?,wsf,train
Don't they realise that they are just workforce to us?,mconan,train
Our children will be more likely to become radicalised if they are taught that all people are equal.,mconan,train
So whats the problem don't you want a world of peace ???,youtube,train
It is one law for Muslims and another law for us.,conan,train
Watch: Germany embraces the Sharia and allow refugees to marry child - Free Speech Time - https://t.co/AOOZWTF12m @ISupport_Israel,hateval,train
"Illegal immigrants from Bangladesh,Afg r playing havoc in India.High time Mamta&amp;Immigration office take a note,if they have any concern",hateval,train
A woman's place is with her husband or his family.,mconan,train
Migrants are just happy-go-lucky people who do not take responsibility for their actions. If you want to live here you have to work.,mconan,train
"I forsee a big civil war in Europe in the future, because the Muslims will not leave quietly.",youtube,train
A lot of white women are trying to create danger by drawing these other people into our countries .,wsf,train
"If you want to hear what a black `` intellectual '' ( lol ) sounds like , check out the woman in this video trying to debate Dr. William Shockley .",wsf,train
Blacks do not want to work,mconan,train
Last time I checked it was not the 19 'terrorists' who told norad to stand down (dick cheyney).,youtube,train
"Instead of developing, they are producing cheap and well educated laborers for the west...",youtube,train
"Jews are different from non-Jews not because of their beliefs, but because of their physical nature. “Jewishness” is inherited through blood.",mconan,train
The Muslims are imposing their culture in the U.K and the government allows it by submitting to Islam.,conan,train
I CAN POST LIE SAYING THAT ALL RAPES IN ASIA ARE COMMITTED BY EUROPEANS..,youtube,train
Jewish people are featured in the top roles of most companies just because of their race.,mconan,train
Islam members are constantly repeating that Islam is a 'religion of peace' more than other persons belonging to other religion do. I do not understand why Muslims need to repeat this thing so many times?,conan,train
Marxist Subversion happened .,wsf,train
Immigrants should go to @NancyPelosi home in San Francisco bc She believes in #OpenBorders She shouldn't have a problem https://t.co/sSeml9StNb,hateval,train
"We cannot even take the dog for a walk, we could offend Muslims.",conan,train
"Muslims are chosen to do a job instead of British citizens, this is unfair. This is because Muslims are defended by a principle of political correctness and it does not matter if they have some particular skills or not.",conan,train
Jews have a lot in common with monkeys: They are good at sex.,mconan,train
Why gays do not try to heal?,mconan,train
We have become so politically correct that even the mention of migrants is racist.,mconan,train
It 's a symbol demonstrating a lack of oxygen to the head of all its members .,wsf,train
"Great article on the #refugee crisis in Europe. ""The driving question for Europeans is: “How do we make it stop?” But it refers not to the humanitarian drama of the forcibly displaced, just to their ability to reach Europe."" https://t.co/claSlK8lIH",hateval,train
Jews control the u.s. government and have a secret plot to take over the world,mconan,train
"Quite strange, the majority of Easter Eggs are being labelled 'Chocolate Eggs', I think this is because of the Muslims in our country, and the companies are betraying our culture.",conan,train
Immigration Will Not Make America Great Again https://t.co/37VfGTMUhW,hateval,train
Asylum seekers and refugees get free council housing,mconan,train
Muslims are incapable of love.,mconan,train
The war in Iraq is the result of a small group of Jews that control the U.S. government.,mconan,train
Yet my daughter still wants to go outside and play with that thing .,wsf,train
Women should stay at home and raise the children because we need them to do that.,mconan,train
Iranian migrant stabs 6 people on German bus ‘“ Was his plan to burn the passengers alive? https://t.co/NSgaVbBQyy,hateval,train
@DailyMailUK Why do those who have neen accepted as refugees want the uk to take in more ? handing out things wont change peoples mind,hateval,train
"The Jews control the media, Hollywood, the highest offices of government, academia, the highest sports teams, the highest art forms, the highest values. What more could they control?",mconan,train
Migrants are just happy-go-lucky people with no moral code.,mconan,train
diversity is ok with me but you'd best beilieve that you're a canadian if you're going to live in my home,youtube,train
Trump proposal would limit citizenship for legal immigrants on welfare-good it's abt time -76% of immigrants coming to US never get off welfare. Welfare was not meant for a permanent means of income-,hateval,train
The Jews are the only few to receive public welfare.,mconan,train
"He walks upright , and has human arms and legs .",wsf,train
"A #multibillion-dollarcriminalnetwork is being fueled by inadequate refugee policies, experts say... https://t.co/yzbKcYGlQX https://t.co/rV0b5bVUEL",hateval,train
Their aggressiveness is a massive reason for their ' success ' .,wsf,train
"Can anyone answer this question?Why is it OK in this country to make light-hearted, or even offensive comments about Christianity, but similar comments about Islam are considered Islamophobic by the mainstream media?#Burqa #Brexit #bitcoin #immigration #r4today #SaudiArabia",hateval,train
"Damn affirmative action they got the white house , now our beer halls , their is only one safe place left ... God 's save Iceland .",wsf,train
Muslims do not have nothing useful that can enrich our culture.,conan,train
Many philosophers argue that humans are not born equal especially when it comes to gender.,mconan,train
"Just visited the swimming baths with my little lad, 'Muslims Only' Session, couldn't get in. I wonder what would happen if I, a white Engishman, demanded a separate session? Its just Islamic appeasement!",conan,train
"If Islam were peaceful, then there would be no persecution of Christians.",mconan,train
Besides who would even bother to help them ?,wsf,train
"Jews not only run Hollywood, they also control the world economy",mconan,train
Ellen DeGeneres Show is TheGenDer ideology on TV.,mconan,train
Don't wander around Kingston at night or you may end up tied to a tree with your genitals in a bowl nearby being pounded into mush for voo-doo spells .,wsf,train
"@Commenter#402 I'd still like to know too why you think the west should do anything to help, when they themselves hate us and think we're in league with the devil itself.",youtube,train
Blacks do not want to assimilate.,mconan,train
Great article by @giacomo_zando “Migrants are our sole currency: only when we find a new one we will stop transporting them.” https://t.co/t7Rbj3jJGG via @open_migration,hateval,train
Looks like a bread line in Africa.. Can #Spain afford all this? Hundreds of migrants break through border at Spanish exclave Ceuta https://t.co/PfcuKx5StZ via @YouTube,hateval,train
"We are all created equal in the eyes of the law, but a few individuals have the gall to question this equality and to claim that some groups - such as Jewish - are more worthy of protection from society than others.",mconan,train
"Talking of shitholes, I have to go to Londonistan tomorrow #LondonHasFallen.",conan,train
@Telegraph You play with ordinary poor peoples lives like a monopoly board you throw the dice and people never get out of jail migrants win,hateval,train
"As for womon, wear, Muslim Hijap does not hurt anyone, but western women wear or lack of, leads to temptations, infidelity, family breakup ...etc.",youtube,train
We should pay attention to not offend Muslims while celebrating Christmas in our country.,conan,train
How Europe’s panic over migration and terrorism is a big opportunity for Africa https://t.co/fOOJhOHC0v,hateval,train
A woman is more equal when she is wearing a dress. This is what is fair: women can be good women when they respect men.,mconan,train
Those can't interbreed as far as I know,youtube,train
In Germany gayrefugees get a special invitation for housing together. https://t.co/jqMOQXW1R0,hateval,train
"Jews rule the world and control banks, media, education, entertainment, finance and most of all, politics.",mconan,train
Children are not for rent,mconan,train
Because that's what islam and non-whites are trying to do in the once beautiful white countries.,youtube,train
"If people came here to work, our problems would be over.",mconan,train
How much you want to bet it is n't a black male running this operation You can count on white people to be very innovative,wsf,train
"Jews control the banks, media, hollywood, even the u.s. government.",mconan,train
Jews own everything,mconan,train
"Jews control the news media, Hollywood, the highest offices, academia and most religious organizations.",mconan,train
We are forced to economically support all of them,mconan,train
Therefore they had to practice slavery before all other races .,wsf,train
"A piece of body here, a piece of brain there, a piece of leg over there.",youtube,train
"They sound so naive , when will they learn that these people do not want to intergrate just accumulate .",wsf,train
I'm tired of women complaining about men being a threat to women only to turn a blind eye to women threatening men.,mconan,train
Separation is the only answer !,wsf,train
"They must have trapped her somehow , and sent her thru the network to Israel .",wsf,train
@realDonaldTrump Would you swap Mexicans for benefit seeking Romanian migrants in the UK ? Thanks to the EU,hateval,train
Lesbian women dress like men.,mconan,train
Jews are different.,mconan,train
"The Jews have ""own interests"" in the US, and have the will to influence our government",mconan,train
Gratefulness is apparently not a trait muslims are familiar with.,youtube,train
When asked how I knew the holocaust was a lie my answer was if it was the truth there would be no laws against saying it was a lie .,wsf,train
The vast majority of Muslims are unemployed and refuse to work.,conan,train
"Jews are different from non-Jews not because of their beliefs, but because of their physical nature. “Jewishness” and malevolence is inherited through blood.",mconan,train
"Since Jews think they are the “chosen people”, they ask for special privileges and believe they can be above the rules.",mconan,train
I dont see them waging war trying to genocide an entire race.,youtube,train
"If muslim countries ever hope to become rich and prosperous, they have to drop the muslim part, it's simply outdated and not compatible with a modern world, which is proven again and again on a daily basis throughout the world.",youtube,train
"If you support Islam and Muslims, it is because you do not know what they really are.",conan,train
Gay men being shot is funny.,mconan,train
Germany has a big imported antisemitismproblem. Many fanatic muslims make demonstrations against Jews. This is the fruit of Merkel imigration policy. https://t.co/2C15gJlm6m,hateval,train
Western societies are too much civilised to welcome Muslims.,conan,train
"This is the argument homosexuals use to justify their behavior , that because there are no `` red letters '' about it , then homosexuality is not a bad thing .",wsf,train
"One more thing: There is not now, nor there has ever been any such thing as a ""palestinian"".",youtube,train
@ChenGonSol @phoenixkhost @phillycustoms These boats act like a taxi service for economic migrants posing as refugees and only come to Europe to seek welfare benefits of the west? If they were refugees why not stop at Turkey like the real refugees? Instea,hateval,train
Only who cannot understand what Islam and Muslims really are can support it.,conan,train
There are London areas that could be described as nothing less than little islamic republics .,wsf,train
"We cannot take our dog for a walk, because a local Muslim can be offended by this action.",conan,train
"Yes, the MSM and others would have us believe that no refugees have committed any crimes--but the evidence is... https://t.co/fvkpCri9eA",hateval,train
"We cannot build churches in islamic countries, why we should permit Muslims to build mosques in our countries?",conan,train
Immigrants in the US are not 'legitimate' citizens because they do not have 'legal' status.,mconan,train
Imagine when all the EU migrants go home after #Brexit. No more baguettes or pizza. People in the UK will be reduced to just eating traditional UK foods. Like chicken Balti. https://t.co/W7LJlNtzoB,hateval,train
Intolerance and violence can only increase when mass migration happens.,mconan,train
Why would you want to see this pollution spread further into our gene pool ?,wsf,train
America Is Not a Nation of Immigrants https://t.co/KtCybmQIa8 Great read...,hateval,train
`` Those evil Whites .,wsf,train
Why the mainstream media don't use more masculine voices in the news?,mconan,train
Muslims have nothing to contribute to our society.,conan,train
"Takes the whole white guilt out of it, which is the major reason why no one dares speaking ill of any foreign cultures and/or religions..",youtube,train
There is nothing for the white race: it is the one really disriminated.,mconan,train
So according to your logic since blacks have been in N.America for hundreds of yrs they should be allowed to stay ? and yes whites should leave africa .,wsf,train
If anyone knows where i can get the Uranium to do so please PM me.,youtube,train
@J_VoiceUK Listening to the world service this am criticism of Israel for wanting to deport young African male migrants it maybe evidence from Europe like France and France many are not settling and are turning to crime better the truth than living a lie,hateval,train
Last time i checked the countries that are being attacked and invaded are those will natural resources.,youtube,train
"We cannot celebrate our festivities, because Muslim can be offended by them.",conan,train
@ziadtheactivist Oh we created the Mexican refugees? Americans fight for their country. Others run..:(..,hateval,train
Gypsies like living in trailer parks.,mconan,train
Japan is able to keep clean his country from refugees. 2017 they accept only 20 from nearly 20.000 requests. This is worldrecord ! https://t.co/Y6Xvy2gXbC,hateval,train
"All the jews I have ever known will do anything for money , and all I can say is there are no good jews",wsf,train
"@V_of_Europe Actually I wonder how safe they would feel standing in the middle of a group of these ""child refugees""?",hateval,train
Maybe God was punishing them for their interracial marriage .,wsf,train
"We have become so political correct that when anybody tries to find fault with the actions of a migrant, they are accused of 'Islamophobia'.",mconan,train
Minorities vote to strip wealth and power from White people and they are organised to do this by the J*ws.,mconan,train
I dont see Christians/Jews bombing and killing hundreds of innocents everyday.,youtube,train
You get NON-WHITE paint,youtube,train
Biting the hand that feeds you. All part of the Hijra (immigration jihad). https://t.co/7UcTBer10r,hateval,train
why do muslims want to change the laws in the countries they go to?,youtube,train
It's saying we should have tighter immigration laws!,youtube,train
If we do not stand up against Islam they will consider our silence as a way of acceptance!,conan,train
"The Jews control everything. They own the Federal Reserve, the U.S. Congress, and the British Cabinet. They control the major media, education, and most religious groups.",mconan,train
"@MSNBC If the refugees dont get food and water - they will go back quick, here the President havnt to do much !",hateval,train
The same way they take advantage of the state everywhere else .,wsf,train
No religion claims to be the 'religion of peace' more than Islam. I wonder why they need to keep repeating this?,conan,train
Jews totally run Hollywood.,mconan,train
Ruth Davidson more interested in her lovers immigration right that doing anything useful for the poor of Scotland except suggestive photo,hateval,train
"If you look at an Alaskan malamute and a timber wolf that are two different species , they look a lot more alike than say a Congolese and a Swede .",wsf,train
"yeah, maybe if you are Jewish They just warm up the old money printing press when they might feel like they are getting low .",wsf,train
"Black minorities vote to strip wealth, power and opportunity from White people.",mconan,train
Jews control the world economy.,mconan,train
Immigrants just want to claim welfare money: why do we even keep paying taxes for them?,mconan,train
Nearly everything if not all acts that the liberals carry out damage this nation and our people .,wsf,train
All we here an Stormfront Britain are saying is that MASS white immigration is detrimental to OUR nation for the reasons we have given time after time .,wsf,train
Children should learn about gender identity and sexual orientation from their families rather than in class from LGBT fundamentalists.,mconan,train
"Muslims cannot be in a democracy because they vote with their feet, not with the ballot box.",mconan,train
At least shop where a white is at the counter is my rule .,wsf,train
@NickFerrariLBC Why are illegal immigrants bribed at all to go home? Pay their fares only.,hateval,train
Do you love the one who kills his daughter because she wants to marry the wrong guy?,youtube,train
What do you look for in a woman?' https://t.co/zbnDFOkFbB,hateval,train
"How cannot we remember about all the historical murders of Jews and Christians, their exile, about marriages of children, subjugation of african people and fear caused by Muslims?",conan,train
"Yeah, I saw that news segment about the mixed race couple who lost their home because of the mudslide .",wsf,train
"The Jews control the world. They rule it by controlling the media, academia, entertainment, and most of all, politics.",mconan,train
"If a woman wants to be a homemaker, and a man wants to be a millionaire, then we are done.",mconan,train
"Indeed, I have n't seen or heard machines raping or robbing people in the streets of Stockholm yet , non-european immigrants however ...",wsf,train
Are you saying that we should put illegal immigrants in houses? You have to be kidding!,mconan,train
"All we have is blacks and a few mestizos and all are pretty well behaved , we keep them that way around here",wsf,train
Friends go home after visiting. Economic migrants don’t. https://t.co/pJOAKYy70r,hateval,train
Europe will just have to let mass immigration from china and so on they already have plans for this,youtube,train
Most of these videos belong on the Animal Planet tv channel .,wsf,train
@AnnastaciaMP So if you care about DV then ask government housing why has it taken over 4 years to relocate victims on very high needs instead of rehoming refugees please look after Australians first,hateval,train
Now we can't use the N-word anymore. This political correctness is killing our culture.,mconan,train
"Jewish power structures dominate world government, they control Congress, they control the media, and they control academia. Jews are the only people who can get anything done.",mconan,train
"If only women behaved like men wanted and didn't fight back, 10% of all sexual assaults would be solved.",mconan,train
Islam is opposed to Christianity. Like fire and water. They just can't be in the same place.,mconan,train
Jews think they are so special,mconan,train
#saville town looks like a city of Afghanistan or Pakistan more than an English City. What do you think?,conan,train
"If Islam is about peace, then why it has killed many peaceful people?",mconan,train
"Black catolic bishops are against their pope Franciscus. They dont want to loose their sheep, which like to go to Europe as refugees. In the meantime hypocrises Franciscus pray and dont open the St.Petersdom for refugees to stay. https://t.co/VXiFFbAO55",hateval,train
"More on the Muslim ""refugee "" who tried to behead a policeman in WA state. What? You haven't heard because white... https://t.co/porlfoatoX",hateval,train
"At my age, I can't bear to look at what the world will be like with women in power.",mconan,train
how could they be apes AND pigs?,youtube,train
Jews are welthy because they are naturally good with money.,mconan,train
"When the West gives in to Islam, they will replace us.",mconan,train
"How do refugees in this country get money? It is, initially, given to them and then they learn the system. https://t.co/m7cXsse7Vk",hateval,train
Women like bad men.,mconan,train
"Women of our culture that decide to become Islamic are so selfish. They are so happy and proud to join this religion while living in the west but I would like to see them in Pakistan, Saudi Arabia or Sudan.",conan,train
"I pm 'd you a suggestion of a place to go , I do not want to post it here as I think non-whites read this site and will then proceed to try and move there .",wsf,train
Yeah they are buying a lot of houses around my area to probz so they can house there massive inbred family when they come over to the UK .,wsf,train
"For all ""practical"" purposes, you don't get half white paint.",youtube,train
Jews are intolerant: they insists that they are a peculiar people in need of a special treatment.,mconan,train
"If women want to control their fertility then they should choose when to have sex, not when to abort.",mconan,train
There is no proscribed punishment for one who has sexual intercourse with an animal' Sunann Abu Dawud 38.4450.,conan,train
Asylum seekers and refugees can get free council housing,mconan,train
Immigrants steal more money than they pay in taxes.,mconan,train
Illegal driver same as an illegal immigrant. https://t.co/mer6gFYOU0,hateval,train
Women are complaining because they can't get high-paying jobs. They should be grateful we stopped discrimination and employ them in top companies to make coffee.,mconan,train
Jews are a different race.,mconan,train
Immigration creates lack of jobs for natives in the long run.,mconan,train
The worst thing about this is that every single one of our beautiful cities in ALL of our countries now look like this .,wsf,train
Gypsies do not send children to school,mconan,train
"If you want to see what having a black , kenyan White-hating muslime in the Whitehouse has created , go look at Tarantino 's latest flick Django Unchained .",wsf,train
"Jews are greedy for money, power, and status.",mconan,train
why do we never talk about female-on-male rape? Isn't this a crime as well?,mconan,train
"The U.S. military, for example, is a thing for true males.",mconan,train
Muslims in China were forced to eat pork and drink alcholol during the recent Chinese New Year celebration - At least China is doing it right!!,conan,train
"I support China, they forced Muslims to eat pork and drink alcohol. This is how you do it!",conan,train
Islam doesn't forbid Western education but forbids false education based on Evolution and homosexuality and lesbianism which thrive on Capitalism and materialism.﻿,youtube,train
"Watch: Merkel's Germany is starting to look like Syria - immigrants set cars on fire ""just for fun"" - Free Speech Time - https://t.co/Cq7n2Hlm5N @ISupport_Israel",hateval,train
Jews are trying to take over the world.,mconan,train
Germany: Court rules that Muslim migrant may become German citizen despite having two wives https://t.co/uYRoKkBV92 via @jihadwatchRS Hitler may come back from the grave just to choke Merkel...,hateval,train
When you have the world at your feet you can do whatever you want. This is what the jewish lobby is doing by secretly ruling us.,mconan,train
"The chairman of the FA is one David Bernstein and , yes , he is a member of a certain tribe that delight in bringing diversity and the benefits of multi-culturalism and ' anti-racism ' , along with boatloads of third-worlders to Britain .",wsf,train
"Why r we so liberal in letting illegal immigrants in India,particularly special community of CONG/TMC.Link Aadhar with Voter ID",hateval,train
A Muslim's only real allegiance is to Allah (as a comment in relation to election for public office etc.),conan,train
China learned how to deal with Muslims: in the last chinese new year celebration they obligate them to eat pork and drink alcohol.,conan,train
"Wow, maybe next time you should leave your little sister at home especially since you live in a highly non-white populated area .",wsf,train
The holocaust is just a minor event in WWII.,mconan,train
"When Muslims will tell you that Islam is a peaceful religion ask them what does sura 5:33 say?or sura 9:111, or sura 4:34?",youtube,train
- the average IQ in Arabic countries is somewhat around 80,youtube,train
Do you love the man blowing up a train full of innocent people?,youtube,train
"They are often confused with whites when they hide their tail , horns , and hooves .",wsf,train
Foreigners on UK benefits leaps 41% in 5 years with over 400K now handed payouts. This nonsense has got to stop.,mconan,train
"Many philosophers argue that humans are not born equal, especially when it comes to race.",mconan,train
The only ones in favour of Islam and Muslims and the ones that that are ignorant about what it truly is.,conan,train
Why is it that an innocent american has to be killed because a random private person who happens to be an american citizen offends Muhammed?,youtube,train
Is there a connection to immigration? Exam question is: are we bringing in impoverished people to be impoverished here? The pictures I've seen clearly shows the majority are immigrants. https://t.co/3xPMnIQFZC,hateval,train
Now we are not even allowed to walk the dog for fear of offending the local Muslim population.,conan,train
Why White people used to say that sex was a sin used to be a mystery to me until I saw the children of browns and mixed race children popping up all around me .,wsf,train
I've been into Muslim shops in areas of Birmingham and they have refused to serve me. I've even seen signs saying 'No Whites After 8pm'.,conan,train
Immigrants steal our jobs.,mconan,train
Migrants get 35 euros per day for idling.,mconan,train
"Islam - if we do not speak now, in a short time our words will be useless.",conan,train
Maybe they will be resettled deliberately as refugees or maybe they will come for the women like the chinese men are doing .,wsf,train
"The white man has no future in Canada , that is for sure , because the country is being flooded with non-white immigrants .",wsf,train
This Democrat Wants You to Pay Every Illegal Immigrant for Coming to the US https://t.co/Yro2UkX5By https://t.co/IPJsKtXlMa,hateval,train
"Since 2000, the number of suicide bombings by Muslims = 5284; by non-Muslims = 0. One of the facts about Global Terrorism no one wants to deal with.",mconan,train
Muslims demand locals to not walk their dogs in public because it's againt the Sharia and they feel it as disrespectful.,mconan,train
"ALL NON-MUSLIMS SHOULD REMEMBER HISTORY, TO AVOID IT REPEATING ITSELF !",youtube,train
Muslims are not inclined in working and for this fact they are unemployed.,conan,train
"Sadly, I think the government would step in if we tried to stop the lesser races from moving into our land .",wsf,train
RT @JWMofficial: If you play field hockey there's a good chance you're a lesbian.,hateval,train
Watch: Brave Italian cop arrests illegal migrant armed with a knife - Multiculturalism? - Free Speech Time - https://t.co/ZUPJRJuwVJ @ISupport_Israel,hateval,train
So earth is flat?,youtube,train
@DontKillMyVibe9 We understand. They need to understand that men are born to be in control. Thanks for supporting our cause!,hateval,train
It takes twelve Germans to work and pay taxes in order to fund the cost of just one migrant https://t.co/qCQQTySU1k,hateval,train
The best way to take over a civilization is to breed them out.,youtube,train
Foreigners are only interested in their own. They do not even care about their women or children.,mconan,train
"There will always be survivors , the juden will never let go of the holahoax",wsf,train
Is that couple in the second picture with the dark yellow background an Asian female with a White male or is it something that looks like it designed to send the same message ?,wsf,train
"Race is a social construct, and if you see any difference between these two women, it’s because you have a mental illness. [image showing a blonde, European female athlete, juxtaposed against an image of an African woman wearing a lip plate]",mconan,train
"It's a good to add a hint of truth in your essay 's but maybe you have it better off then I did at high school , every teacher I had was very liberal and anti-racist , and could barely accept the truth .",wsf,train
The Jews are the reason why the World Cup is getting so expensive.,mconan,train
Look in the face of this criminal captain. He rescued refugees against law and is now by court in Malta. Hopefully he will get a hard fine and his ship will taken away. https://t.co/7uzFZsSjBq,hateval,train
"The natural royality of the planet was not the posing apes , but the Overman .",wsf,train
Jews have a secret plot to take over the world,mconan,train
The Sunnan Abu Dawud says that if a man has sex with an animal there will be no punishment.,conan,train
Those seeking asylum in UK must prove they are persecuted because most of them just want to have a richer life.,mconan,train
"someone please make the flash game ""pandemic muslim edition""",youtube,train
I love it when Muslims create youtube accounts with common British / American names as there username.,youtube,train
"Just having ""white"" skin doesn't make you white.",youtube,train
very simple a new furher for the world and lets have a real holocuast......,youtube,train
"Thank you so much for this , one day I hope the next generation is spared from the travesty brought by Public Schools , and private ( Jews can easily fake being Christian ) .",wsf,train
"If I knew then what I know now about women, I'd be single.",mconan,train
Jews secretly control the world.,mconan,train
I 'm surprised they 're not holding the gun back to front .,wsf,train
"They constantly say that their religion is a 'religion of peace', maybe because in reality it isn't.",conan,train
"And no you don't face the real world when you think it's fake and that you'll be magically transported to a better place when you die, that's called dangerous illusions.",youtube,train
Preserving white blood is the most important thing.,mconan,train
Global Jewry did not want Brexit and are doing everything they can to sabotage it.,mconan,train
Have Muslims ever made a contribution to our society?,conan,train
Therefore everyone in this thread is a holocaust survivor .,wsf,train
"@FareedZakaria @NRO @NickKristof Please discuss who will pay for all the services immigrants receive. 10K or more per child per year, education alone. Who will pay this and everything else??",hateval,train
"Most of them dont even work , but I have no doubt that some of them will be pushed into high positions in society .",wsf,train
SpainSocialdemocrat^^ Borrell‘žMerkel has saved the honor of Europe opening the borders“And wants Germany and Spain to take in migrants^^The Russian German girl killed by an illegal Tunisian surely thinks the same ðŸ¤®#OrganizedCrime#EU12pentagram ðŸ’©https://t.co/nFdKONBbkH,hateval,train
Has our political elite forgot that were Christians? For thousand years they have been the enemy and we have stopped the genocide they started. And now we encourage that? Let the warriors take care of this because this is the war.,conan,train
Afghanistan or maybe Pakistan? I bet this does not look like an English town to you? #saville Town (Text accompanying video footage of people on their way to Friday prayers etc. ),conan,train
"If women could have 100% control over the conception, they would have never had children.",mconan,train
"Yeah, after losing peanut butter as their claim to fame , they 'll have to fall back on the Super Soaker .",wsf,train
"Its simple , they want to create white guilt , .",wsf,train
"This is the ideology of islam: have a mosque, create a community, claim victimhood, gain support from government, exploit laws, establish sharia, take control of the country.",conan,train
Asylum seekers and refugees can get free council housing and settle down permanently.,mconan,train
"Mix white paint with brown, red or black paint",youtube,train
"Still , a little bit of truth slipping out of an Israeli 's mouth Surprised this thread was moved as it 's all over the news here .",wsf,train
"It is no secret that #Hungary has become one of the safest countries in the world. While Western Europe opened its borders and accelerated its #Islamisation during the #migrant crisis, Eastern Europe did the opposite. https://t.co/EMqi3uOl5Q",hateval,train
Immigrants get welfare. This is how they survive. They don't work and they are not paying taxes.,mconan,train
What if our entire ruling class consisted of J-controlled paedophiles? That would explain a lot.,mconan,train
We should refrain from imposing gender ideology on children.,mconan,train
Jews are just another race of people.,mconan,train
- `` Something about black '' and the old favorite `` Once you go black you never go back '',wsf,train
Labour has mishandled cases of antisemitism. Conservative party is run by a vicar's daughter who organised a van to drive around telling immigrants to 'go home' and openly supports UKIP and DUP racism and thuggery.I don't see an equivalence. https://t.co/44cyvzzaZM,hateval,train
AALLAH SPEAKS there :) SHOW ME A BOOK WHERE AALLAH SPEAKS????,youtube,train
@Commenter#5485 Muslims could migrate to any country they please.,youtube,train
There is nothing to stop you becoming an Islamic bride: our religion is the best possible solution.,mconan,train
Sub 70 I.Q. I would say for sure .,wsf,train
The only ones in favour of Islam and Muslims are those ignorant about what it truly is.,mconan,train
If islam take over the world and everybody becomes muslims than the worlds problem will b solved automatically all will b terrorist in the world.,youtube,train
Jews insists that they are a peculiar people in need of a special treatment.,mconan,train
Immigrants and refugees do not share our values.,mconan,train
"Jews control the financial world, Hollywood, and all the big radio stations.",mconan,train
"If this fat person didn't eat so many calories, she wouldn't be so overweight.",mconan,train
Muslims take everything we have.,mconan,train
"Islam controls people and does not permit anyone to express their imagination. This happens because all that Muslims need is their holy book, the Quran.",conan,train
"fine, but today the population level in the middle east has exploded, meaning 9/10 muslims would starve to death without modern heretic technology to feed them.",youtube,train
@Daily_Express Sharia Law for student Loans why do they not put it on London Buses or have their own police force invite migrants to join,hateval,train
"""In Norway, Gender Equality Does Not Extend to the Bedroom:NEW YORK TIMES""",youtube,train
The Nazis killed six million Jews and buried another three million. This is the West we love.,mconan,train
Countries like Turkey and Lebanon have below replacement fertility.,youtube,train
"WATCH WHAT HAPPENS NEXT! Muslim migrant challenges welfare worker, and t... https://t.co/6XOTv681Pq via @YouTubeTHAT'S EXACTLY WHAT WE MUST DO !!!",hateval,train
"If you're going to talk about black rights, then you have to talk about white genocide.",mconan,train
Why don't gay people seek a cure?,mconan,train
"There should be a sky sign for Anders Breivik, one like Batman has.",youtube,train
All you liberals care about is `` Diversity . '',wsf,train
I thought Saddam and Bin Laden were going to make us pay?,youtube,train
Their power to have movies banned and directors censured is proof that the Jews control Hollywood.,mconan,train
"Those boys will use the plastic whisks as swords , and the girls ' lego creations will consist of dollhouses for the few white dolls , with the dark ones in the adjoining farm pen .",wsf,train
Women do nothing but spend their husbands money.,mconan,train
We are caged in this world that is run by a secret elite of Jews and they rule it with an iron fist.,mconan,train
Jews make too much money.,mconan,train
Migrants steal our jobs and do not pay taxes.,mconan,train
Allowing homosexual people to serve in the military increases suicide rates among service members.,mconan,train
"Not every Muslim wants to kill you, ya know.",youtube,train
Are you sure that Islam is a peaceful religion?,mconan,train
They ca n't stand toe to toe with the white man so they just dance around until they 're tired .,wsf,train
Major chimp-out at hip hop awards .,wsf,train
"There is no god but Allah, and Islam is a religion of peace. Yes, where peace stands for silence for the victims of terrorist attacks.",mconan,train
"I think that unfamilarity with Islam is wit, not xenophobia. How can we be defined islamophobic, if we are in contrast with an ideology?",conan,train
Not making our woman wear towels on there heads and shooting people for speaking their mind.,youtube,train
"Jews don't share our values, they just want to control the economy.",mconan,train
Jews are Christ Killers.,mconan,train
Not to mention that they do n't belong here anyway .,wsf,train
What takes up 12 parking spaces? 6 women drivers,hateval,validation
Jews control Hollywood and the media.,mconan,validation
British citizens can not find a job because of those Muslims being employed instead. It does not matter whether they have skills and experience or not. It is all about political correctness.,conan,validation
if islams teachings are so perfect why dont you stay in sharia law countries?,youtube,validation
White immigrants are welcome.,mconan,validation
"Also, you're prohibited from entering the kitchen because you don't believe in what I believe in?",youtube,validation
"Lol, ever heard about the Reconquest of Spain?",youtube,validation
"@bindasladki Rape is an inhuman , offensive thing , but the woman should knows where and how to dress because not e… https://t.co/8bxSlis8zB",hateval,validation
That 's to assume the gay ones are n't abusive .,wsf,validation
I would not be surprised if this woman was specifically targeted by local Jews from her town for this abominable treatment .,wsf,validation
"So far i have a simple gun assembly design that i am planning on using, if anyone knows of a more efficient method please PM me.",youtube,validation
"This is the goals of Islam when Muslims settle in a country: build a mosque, form a community, obtain victims, get support from the politicals, take advantage of laws, impose Sharia, conquer the country.",conan,validation
"When I die just put a monitor in my coffin running a never ending holocaust documentary , just to make sure I nevah fo-get !",wsf,validation
I would move too but unfortunately there is nowhere that is untainted .,wsf,validation
I 'm either in North Florida or Nigeria sometimes i ca n't tell the difference. mothergrinninbird@yahoo.com,wsf,validation
Women's work is to look after for their children.,mconan,validation
Who makes the sandwiches at a feminist rally?,hateval,validation
"We are forced to host migrants, not refugees.",mconan,validation
"And yes , they will steal anything from whites because they think whites owe them something , so it 's ok to steal .",wsf,validation
Do you know that without Christianity Islam doesn't even exist?,youtube,validation
"They instead decide by convenience , low risk , and unenlightened self-interest .",wsf,validation
@Gillianabeth @PHR_21 @GerardBattenMEP The same politicians that have multi million pound homes away from all the migrant areas...,hateval,validation
"Also, was ""buy a plane ticket"" a pun at 9/11?",youtube,validation
Allowing transgenders to use the toilet is a man's business,mconan,validation
Jews think they are better than everyone else,mconan,validation
"Indeed, now they just need to feed themselves , educate themselves , police themselves ad nauseum ......",wsf,validation
Never share a meal with a Muslim: you could catch HIV or Ebola.,conan,validation
Here is possibly the best county to live in when one considers the Mud Index .,wsf,validation
"Feminism is an ideology which, by its very nature, denies the rights of men and, by extension, the legitimacy of male domination.",mconan,validation
"#IsGermanyChristian? In 2015, liberals across the world looked at Merkel &amp; her pro-refugee policy but since Islamophobia has risen. Who is a German? What is Germany's dominant culture? Who supports the AfD and why? A piece for @orfonline @samirsaran https://t.co/T13U0bBLs1",hateval,validation
Immigrants come here to get tax breaks and privileges. They are not happy if they have to pay the same taxes as Europeans!,mconan,validation
"* Croatia ðŸ‡­ðŸ‡·: The Croatian authorities, surprisingly, reject the EU’s bid of 6,000 euros per migrant. ðŸ‘ https://t.co/hccQmsQ9Vl #v4 #visegrad https://t.co/1x1MXOQm2t",hateval,validation
Do you love the one who tries to decapitate your son because they think he has the wrong opinions?,youtube,validation
Jews only account for 0.2% of the world's population but they rule the planet.,mconan,validation
"The problems start when you start to accommonadate these people in the first place ! , give an inch and they 'll take a mile ......",wsf,validation
Re-capture the Holy Land and the West.,youtube,validation
Jews want to have it all,mconan,validation
"Arabs cannot vote for Brexit, we have different religions and cultures.",mconan,validation
"@TerriDNW @objkshn Yeah like looking at a woman when she doesn't want you to, that's rape right?",hateval,validation
Nowadays celebrating Easter as a Christian is impossible because it could offend Muslims.,conan,validation
"@Thomasjwhitmore @realDonaldTrump No, millions of Americans have lost jobs to illegal immigrants for 3 reasons...they work for less, often for cash and are more reliable. Sought out by employers. Asylum seekers are trying to excape violence, want to assim",hateval,validation
Only a small minority of Jews control the government and judiciary.,mconan,validation
immigrants cant speak english,mconan,validation
I now only go into the city when i have to and i had to yesterday and I could not belive what has happend in there .I think i must have seen every peice of dirt from every corner of the globe in there it was horrible .,wsf,validation
Jews control the U.S. government.,mconan,validation
And the bible is not full of lies?,youtube,validation
We are taking in migrants which is against our culture.,mconan,validation
If things were the other way around and whites were migrants these other countries WOULD NOT accept us. Wake up!!!,hateval,validation
Shame on the Dutch for having such a lying piece of shit in their government.,youtube,validation
"The issue is not whether Muslims should be *allowed* to go to those tribunals, but whether they should be *denied* a right which the rest of us have, viz.",youtube,validation
"We aren't allowed to build churches in their countries, why should they be allowed to build Mosques in ours?",conan,validation
50 shades of brown,wsf,validation
An Irish prison is like a luxury hotel where they come and thats even if they get sent to prison and thats if they get do n't flee the country and thats if they get caught doing the crime ... so crime does pay in Ireland .,wsf,validation
"Canada's @JustinTrudeau appointed to his cabinet immigrants from such cultures. One is in charge of immigration &amp; refugee affairs - license to flood Canada with own kind. The other, Education Minister, tried to sneak into new Education code female genital mutilation as a right!",hateval,validation
Gotta represent my coconuts and mangos yo !!,wsf,validation
Jews rule the economy: there are many associations that were created exaclty for this purpose.,mconan,validation
Economic growth via immigration shifts wealth from young people towards older people by flooding market with cheap foreign labor. It spikes profits &amp; stocks by cutting salaries for manual &amp; skilled labor offered by blue-collar and white-collar employees https://t.co/eRsjOpu1hw,hateval,validation
We need more politicians to stop being politically correct and just start getting correct.,youtube,validation
It has been proven time and time again that the Jews control the world's governments.,mconan,validation
Jews control the world,mconan,validation
The Holocaust never happened.,mconan,validation
"I am not a racist, but many races means many cultures. This leads us to great confusion.",mconan,validation
"I wonder what this Jew in the car next to me would think of the Shoah if, as I wish, it was happening today?",mconan,validation
"The British public generally go to work then go home and many of them watch soaps on the TV, we are easily manipulated. We are a tolerant race and never objected to immigration, however many immigrants are not so tolerant, there is only one god and it's not ours. https://t.co/qtkNwdOmxQ",hateval,validation
All Muslim just care about Sharia Law.,mconan,validation
I retract - always .... Always because an animal lacks the skills to properly raise a ( half ) human child .,wsf,validation
I live in a large American city and it has gotten so bad that it is to the point where we are not just a minority .,wsf,validation
Jewish folks control the media,mconan,validation
When women say they want to be mothers they are saying they want a patriarchal society.,mconan,validation
"If not kept in check , we may very will be living in an actual Planet of the Apes soon .",wsf,validation
"How far can you push working people ? a Billion to Syrian refugees and tax credits which top up peoples wages cut , our children starve too",hateval,validation
I considered it being `` ethnically cleansed '' from my childhood home,wsf,validation
migrants say they are poor but they have the Iphone,mconan,validation
last time i checked only one country benefited from those attacks.,youtube,validation
No doubt they 'll be coming up with chocolate-colored Leprechauns and a Chinese flavored Uncle Sam 's too .,wsf,validation
Almost all Muslims deliberately decide not to work.,conan,validation
@TOOEdit Bishop Schneider: mass migration a plan to undermine identity https://t.co/0rnRAL1Kp6,hateval,validation
"Jews have a secret plot to subvert Western society, because they think they are equal to us and they want our wealth.",mconan,validation
Jews feel superior and they are able to love only other Jews.,mconan,validation
I bet you can see the Mexic-ants from space with the Google Earth. photo ants on picnic table CYF salt of the earth,wsf,validation
The Koran has nothing to do with Islam. It is a forgery.,mconan,validation
"A male need a woman. Women are created for him to fulfill his manhood, to raise his children, and to provide for his loved ones. And not to mention we can have sex to procreate and heal the world.",mconan,validation
"Who the fuck is Breonna Taylor? A representative of the people, a nurse, or a front for the government?",mconan,validation
Go and reat the Protocols of the elders of Zion if you haven’t. Everything is orchestrated..,mconan,validation
"Everything that Geert Weilder said is correct; i applaud this brilliant, courageous man.",youtube,validation
It is an extremely cruel act against the poor Vodka-bottle forcing it to spend it 's time forever close to a jew .,wsf,validation
"@TOOEdit @NumbersUSA Immigration in a picturehttps://t.co/bNRq7N7Oj3Diversity is the process whereby your nations are sought to be handed away to people who don't want it to be what it once was, by people who didn't help to make it what it is",hateval,validation
God knows what would come out of Africa if only blacks could come up with investigative journalism .,wsf,validation
We are forced to economically support all of the so called 'asylum seeker',mconan,validation
What about all those Muslims in Britain? They vote with their feet.,mconan,validation
"Oh yeah , no mugshot picture on the page of course , you have to watch the video report to find out it was yet another case of TNB .",wsf,validation
Immigrants should be proud patriots of our country.,mconan,validation
Have Muslims done something useful for us?,conan,validation
Muslims are a financial institution that is linked to global jihadist networks.,mconan,validation
Why do husbands die before their wives? Because they want to,hateval,validation
"We are not homophobes, we want to help them to become normal again.",mconan,validation
You wanna be monochromatic?,youtube,validation
"Muslims are taking over with their Eurabia plan, this is proven by Statistics.",mconan,validation
Affirmative action is just a tool for oppressing white people. It is the real cause of white riots.,mconan,validation
"France has been gone for a long time , we will have to retake it later because there will be no French people in not too long .",wsf,validation
Jews are only in it to have money,mconan,validation
You gotta have the same values as whites to be one.,youtube,validation
Nicola sturgeon wont put a cap on immigration really what about ur own people don't you learn anything Nicola u did offer that to ur scots,hateval,validation
MIgrants are not running away from wars.,mconan,validation
They probably have a 150 I.Q. with all three of them combined .,wsf,validation
"I also , unfortuantely , spent 7-8th grade in a 95 % monkey house .",wsf,validation
"Learning how to recite the quran is not going to bring you jobs and wealth, when the rest of the world is sending up space satellites and making super computers as well as cybernetic implants.",youtube,validation
African migrant who abused four boys in France says 'it's normal' in his country to kiss a teenager's genitals https://t.co/ageBUNFKyX,hateval,validation
@ChenGonSol @phoenixkhost @phillycustoms I can get behind the decriminalisation of drugs and better communication. However the idea that illegal immigration is not a big issue I believe is untrue. 80% of women who crosss the border illegally get raped by,hateval,validation
I think this girl is gay because of the way she dresses.,mconan,validation
This is not about Islam or Muslims. This is about Race and National Identity.,mconan,validation
Thank the Gods she has chosen to go with her own kind .,wsf,validation
Only 15 % of refugees has got a job in Germany.The rest stay in socialwelfare. This costs Germany 25 Mrd. â‚¬ a year for nothing. https://t.co/pYqPqVxkm1,hateval,validation
"Feminists just needs a little love, if you know what I mean.",mconan,validation
Muslim teachers are telling what to believe in schools.,mconan,validation
"It is safer not to share a meal with a Muslim, because you can catch HIV or Ebola!",conan,validation
"The Jews control Hollywood, academia, and media.",mconan,validation
Jews rule the economy.,mconan,validation
"Of course seeing as you're one of them, you'd deny everything blindly in order to help your kind.",youtube,test
The Holocaust cannot be remembered in the present time because the alleged genocides of the 19th century did not happen in the past. This nonsense will never go away.,mconan,test
"Wow, looks like you're about to be induced on the ""fun"" game all your people are being forced into by ""peaceful"" muslim immigrants @RoyalFamily @KensingtonRoyal https://t.co/gh9R0fUfrC",hateval,test
Non white immigrants love freedom of speech to bash white men.But who was freedom of speech created by? White men ðŸ™ƒðŸ™ƒðŸ™ƒ,hateval,test
Jews just don't want equality. They want to control everything in life.,mconan,test
Is this Afghanistan or Pakistan? You would never say this is an english town.#saville town (text accompanying video footage of people on their way to friday prayers etc. ).,conan,test
I think it's unfair that they have the same rights as us without paying their taxes. That's how it works.,mconan,test
A Muslim is only allied with Allah.,conan,test
"Jewish news media, Jewish education authorities, Jewish Lawyers, Jewish CEOs, Jewish politicians. Jews control the world.",mconan,test
We are forced to economically support all of the so called 'asylum seekers',mconan,test
I thought that's what you camel jockey's said thousands of years ago.,youtube,test
Jews control the elite schools in Europe.,mconan,test
The jews did 9/11. They have the will to do anything.,mconan,test
gay men are only about sex,mconan,test
"Tucker Carson ""We need to start looking at the relationship between immigration and crime"" Yes we do thanks bro ðŸ™ŒðŸ»ðŸ’¯",hateval,test
There are muslim shops in Birmingham that do not serve their white clients and have signs that say:'No Whites after 8 p.m.'.,conan,test
@merdrignac I have a tweet from a Swede who quotes me our country will never be the same again after Immigration neighbour hoods set alite,hateval,test
"If you care more about ""refugees"" than your own sons and daughters, you've got some self-evaluation to do. https://t.co/yHUBQufYFf",hateval,test
Immigrants steal our jobs and our country.,mconan,test
"I wish you luck , is it any wonder Jew males lust for our White women ?",wsf,test
What’s the difference between a Cow and the Holocaust? You stop milking the cow after 70 years.,mconan,test
"""40% of Russia Army will be Muslim""",youtube,test
Refugees are coming here just to be on welfare and food stamps.,mconan,test
"White women converted to Islam are the saddest and most selfish persons that you can encounter. They praise happily Islam beliefs and become part of a sisterhood of tollerance and understanding, but they do not know the situation of women in Pakistan and other islamic states.",conan,test
People should know when they are conquered ...,youtube,test
Immigration Jihad in action. https://t.co/VuFN3DktJ7,hateval,test
Jews run our country.,mconan,test
"I remember hearing about a young muslim girl....lets not talk about ethnicity here, she was seen with a white guy who was not muslim, her father & brothers",youtube,test
Two men do not constitute a family,mconan,test
"You weather the zionist storm well , my brother .",wsf,test
The only reason the Jews are not being assimilated is because they have the upper hand in the political system.,mconan,test
"A Muslim is so oversensitive, that we cannot raise our national flag.",conan,test
In Austria the elder people in homes need 4 Euro for food daily each. Now the goverment like to reduce the benefit for refugees to 5 Euro daily. Why refugees get more money than the originated citiziens ? https://t.co/bSBvU06HXL,hateval,test
Our immigration policy is turning us into second-rate countries.,mconan,test
It is curious that almost all easter eggs are being labelled 'chocolate eggs'. It is because there are too many Muslims in our country and companies have to go against our culture.,conan,test
"when bacteria grows to a critical populous inside a petrie dish, it destroys itself and decreases.",youtube,test
Gypsies steal our cars and trucks.,mconan,test
"The Jews control the world. Their control has been demonstrated time and time again. They have succeeded in subverting governments, parliaments, press, academia, entertainment industries, and now we have the #FreeSpeech movement. They control the world.",mconan,test
We are more concerned about ZOG controlling US and Russia .,wsf,test
Their gods often had pale skin and blue eyes but I suppose literacy is n't valued highly by their cultural intelligencia .,wsf,test
Islam has been used by powerful people to impose their beliefs on the rest of the world and to create Shariah based laws for the entire planet.,mconan,test
"According to the supporters of immigration policy that would throw open the doors to every Tomas, Ri https://t.co/j8jECPrd1G What the leftist media hides from you...",hateval,test
Black ``women''on London transport ...,wsf,test
"@realDonaldTrump Pres. Trump, Hurricane Harvey is Man Made to keep your wall from being built and to open the borders to illegal migration.",hateval,test
Many lice you will find in Viennese schools. Some refugees has brought us this as gift. To rescue it will cost 30 â‚¬ a person. https://t.co/UAv43Bylfb,hateval,test
"Interestingly enough, Malians are often labeled ""economic migrants"" when trying to reach Europe and hardly receive asylum. https://t.co/tD17REN7oT",hateval,test
"Many Muslims are unemployed, poor and lack education.",mconan,test
In Birmingham there are Muslims shops that do not serve white people after 8pm.,conan,test
"Jews are too connected to their homeland , they are not loyal to our nation.",mconan,test
"I'm insulted by how stupid the Jews think we are until I see what they see by reading the posts amongst our so-called , `` Awakened Brethren . ''",wsf,test
Where is the love in White Britain when we need it?,mconan,test
Just as soon as they repay for the generations of welfare their majestic peoples have consumed .,wsf,test
"Thank you for your kind words , hope to meet you in the new white world one day soon .",wsf,test
"Feminism is all about the society the other way round, it is a female-centric movement.",mconan,test
Jewry runs the world,mconan,test
The responsibility for disability lies with the individuals who are not giving them enough support.,mconan,test
I have been trying to find a job but the mexicans take everything we had .,wsf,test
Someone Please Tell me what can be done or which people to tell that the Mexicans and or other hispanics here are undercutting price quotes on Good working People .,wsf,test
"One thing you seemingly cannot grasp--that JEWS themselves are messiah , and their kingdom is earthly .",wsf,test
Migrants come here to have a better life upon our shoulders.,mconan,test
"Explain to them this is wrong. send mass emails explaining the science behind it , and tell everyone not to breed with them .",wsf,test
Go and read the Protocols of the elders of Zion if you haven’t. Everything is orchestrated..,mconan,test
"Many Asians will see something once and memorize it the rest of their lives , but when asked ' how ' it works or use it creatively , they draw a blank .",wsf,test
"It is important for people to realize that gays want gay marriage ..... not because they desire some sort of government paperwork , but because they are seeking the right to adopt defenseless children .",wsf,test
"Jews cannot be patriots, since their allegiance will always be to the state of Israel.",mconan,test
I hear the jews are looking to open a Holohoax center in Antarctica next year .,wsf,test
Immigration from Islamic countries is a mere legalized form of Jihad.,mconan,test
Underpants which protect women against rape or harrassment. They are absolutly save and is buyed from german women as a runner. So they are proteced also from attacks from refugees. It would also fine for Me too women in Hollywood. https://t.co/PjykJtWrg3,hateval,test
"In the Vatican newspaper, L'Osservatore Romano, Monsignor Vittorio Formenti, wrote: ""For the first time in history we are no longer at the top: the Muslims have overtaken us.""",youtube,test
"Jews control Hollywood, they own most banks, and they own most corporations.",mconan,test
Also why don't you go walk through Russia or Eastern Europe late at night.,youtube,test
"Jews control the banks, media, hollywood, even the u.s. government; jews have a secret plot to take over the world",mconan,test
"last time i chcked, the twin towers were the only buildings to collapse at freefall from fire.",youtube,test
The Jews are planning a holocaust in our country in revenge.,mconan,test
"We have a lot of issues in the UK, and now we are also paying NGOs to rescue migrants. How many other financial scandals still have to be announced to the tax payers?",mconan,test
Statistics say that 99% of muslims in the uk are so lazy that they do not want to work.,conan,test
"In order to tackle this problem, world leaders--especially US leaders--must first wake-up from their slumber, come to realize the truth, and take the appropriate actions.",youtube,test
"I suppose the concept of a male cow and a female cow producing MORE cows , and the repeating process is too much for them to understand .",wsf,test
Immigrants are coming to the U.S. to have babies here.,mconan,test
"Jews hide the truth to their children about the Holocaust, becuase they know it's a lie.",mconan,test
"Christians have fought for lots of years against Muslims, we also stopped a genocide. We are enemies. But now it seems that our government forgot about this. This is a war! We must fight.",conan,test
What have Muslims ever done for us?,conan,test
oh dear isnt that terrible well i suppose they will just have to leave then and go somewhere they are more valued,wsf,test
"I guess I got lucky , I we n't to a public high school and we never had to learn about the holohoax .",wsf,test
Those jews ran the world from their high rise apartment in 5 continents and still they cannot get the Nobel Prize for Medicine.,mconan,test
You cannot identify as something you are not. Denying the objective reality defined by your sex equates to lying.,mconan,test
"Go on talking to yourself, no one will listen. Islam does not belong within western society. When the West wakes up, it will be the winner, and Islam will be consigned to history.",conan,test
No wonder this races achieve nothing .,wsf,test
u can call rats or whatever u want but it still an inefficient bark which will NOT avoid the main purpose,youtube,test
Islam is not winning by fear and opression and because ofcourse muslims have so many kids.,youtube,test
They do what they always do take something of someone else 's and make it their own .,wsf,test
"Hitler would only start killing Jews, gypsies etc.",youtube,test
The lesbian student will probably find a jew lawyer and sue for violating her civil rights.That 's a common jew tactic .,wsf,test
"It's the melting pot, when cultures collide they either merge or one group kills another group, which is better?",youtube,test
"Jews control the banks, the highest offices of government, and most churches. They rule our society.",mconan,test
"GOOGLE ""In Norway, Gender Equality Does Not Extend to the Bedroom:NEW YORK TIMES""",youtube,test
Jews have always controlled the government and press.,mconan,test
Living expenses in Stockholm are very high and some poor Swedes and other Whites have no choice but to live in non-white suburbs .,wsf,test
"in that is killing the innocent Palestinian,specially the children?wow!great country isn't it?lol..",youtube,test
"I don't want another girl in my family. I already have one, but I wanted only boys.",mconan,test
"Of course , they are more virile than us , so that would n't happen would it ?!!!",wsf,test
I can picture him as that baby monkey on the ' save the rainforest comercial or whatever,wsf,test
Many of them are doing just as their masters desire .,wsf,test
Immigrants are entering the U.S. just to obtain welfare and other benefits.,mconan,test
If Muslim countries are the best then WHY W-H-Y people from arabic countries trying hard to find a place in the West??,youtube,test
"READ THE JEWISH TALMUD, and you will have an idea where all thats in media comes from...",youtube,test
Never break bread with a Quranimal. You risk catching HIV and/or Ebola.,conan,test
"In the swimming pool there are baths only for Muslims, I cannot enter. If I, a white men, asked for something like this nobody would allow me. Muslims can do anything they want.",conan,test
"Hungary's New laws target Muslim migrants ""to preserve Christian culture of Europe"" - Free Speech Time - https://t.co/gm1G7GraN4 @ISupport_Israel",hateval,test
"Read and watch the attached, then go to YouTube and watch ""Killing Europe."" As Islam grows in America, we can expect similar issues. Granted, we are not allowing as large a percentage of ""refugees"" into our country per our population, but... https://t.co/fxFwGRuvhJ",hateval,test
"Sweden: refugee complains about the free apartment ""not up my standards"" - Free Speech Time - https://t.co/RGdoJLJbP8 @ISupport_Israel",hateval,test
The purpose of Islam is to take control of our country: they are trying to have the support of our government and when they will have it they are going to establish sharia and dominate our country.,conan,test
"In Germany refugees can vote just for fun in separte electionplaces to learn to vote. Of course the vote is for nothing,in reality maybe too https://t.co/LZM1DlEVWi",hateval,test
Do you have any proof that the Holocaust ever happened?,mconan,test
"How can we forget about all the historical killings of Jews and Christians, their exile, about child marriges, enslavement of Africal people and terror caused my Muslims?",conan,test
