id,source,split,flagged,p_bullying,pred_class
S001,iSarcasmEval,test,False,,
S002,iSarcasmEval,train,False,,
S003,iSarcasmEval,train,True,0.8206451157600008,other_cyberbullying
S004,iSarcasmEval,test,True,0.9656144552383388,religion
S005,iSarcasmEval,train,False,,
S006,iSarcasmEval,train,False,,
S007,iSarcasmEval,train,False,,
S008,iSarcasmEval,train,True,0.857339190330634,gender
S009,iSarcasmEval,train,True,0.9740345884979972,other_cyberbullying
S010,iSarcasmEval,train,True,0.803210972460015,other_cyberbullying
S011,iSarcasmEval,train,False,,
S012,iSarcasmEval,test,True,0.9131527810401604,age
S013,iSarcasmEval,train,False,,
S014,iSarcasmEval,train,True,0.9217860298228197,other_cyberbullying
S015,iSarcasmEval,test,False,,
S016,iSarcasmEval,train,False,,
S017,iSarcasmEval,train,False,,
S018,iSarcasmEval,train,False,,
S019,iSarcasmEval,train,True,0.8234226366593916,other_cyberbullying
S020,iSarcasmEval,train,True,0.8093457564092419,other_cyberbullying
S021,iSarcasmEval,test,True,0.8860427505239287,other_cyberbullying
S022,iSarcasmEval,train,True,0.8521992069555145,other_cyberbullying
S023,iSarcasmEval,train,False,,
S024,iSarcasmEval,train,False,,
S025,iSarcasmEval,test,True,0.8621897369499977,other_cyberbullying
S026,iSarcasmEval,train,True,0.9253469891568994,other_cyberbullying
S027,iSarcasmEval,train,False,,
S028,iSarcasmEval,train,False,,
S029,iSarcasmEval,test,True,0.8159382987061543,other_cyberbullying
S030,iSarcasmEval,train,False,,
S031,iSarcasmEval,train,True,0.9526429764281154,other_cyberbullying
S032,iSarcasmEval,train,True,0.8108606730636323,other_cyberbullying
S033,iSarcasmEval,train,True,0.9345186083578476,other_cyberbullying
S034,iSarcasmEval,train,True,0.9461909511064076,other_cyberbullying
S035,iSarcasmEval,train,False,,
S036,iSarcasmEval,train,True,0.8469542310091447,other_cyberbullying
S037,iSarcasmEval,train,True,0.968175861463204,other_cyberbullying
S038,iSarcasmEval,test,True,0.8752733889632858,age
S039,iSarcasmEval,train,True,0.9216956618691052,religion
S040,iSarcasmEval,train,True,0.8917575102508523,other_cyberbullying
S041,iSarcasmEval,train,True,0.8746956396298039,other_cyberbullying
S042,iSarcasmEval,train,True,0.8873724603459084,other_cyberbullying
S043,iSarcasmEval,train,False,,
S044,iSarcasmEval,train,True,0.9068166169922192,other_cyberbullying
S045,iSarcasmEval,train,True,0.8865765497340294,other_cyberbullying
S046,iSarcasmEval,train,True,0.9046239185542098,other_cyberbullying
S047,iSarcasmEval,train,False,,
S048,iSarcasmEval,train,False,,
S049,iSarcasmEval,train,True,0.853556421346256,other_cyberbullying
S050,iSarcasmEval,train,False,,
S051,iSarcasmEval,train,True,0.8008048926762679,ethnicity
S052,iSarcasmEval,train,True,0.8251144298036387,age
S053,iSarcasmEval,test,False,,
S054,iSarcasmEval,train,True,0.8901917769320589,other_cyberbullying
S055,iSarcasmEval,train,False,,
S056,iSarcasmEval,test,False,,
S057,iSarcasmEval,train,True,0.8702557718488226,other_cyberbullying
S058,iSarcasmEval,train,True,0.874883642491232,ethnicity
S059,iSarcasmEval,train,False,,
S060,iSarcasmEval,train,True,0.9448319400684456,other_cyberbullying
S061,iSarcasmEval,train,False,,
S062,iSarcasmEval,train,True,0.9123553209453816,other_cyberbullying
S063,iSarcasmEval,train,True,0.9708035649549034,other_cyberbullying
S064,iSarcasmEval,test,False,,
S065,iSarcasmEval,train,True,0.8036600933330034,other_cyberbullying
S066,iSarcasmEval,train,True,0.9368470940231244,other_cyberbullying
S067,iSarcasmEval,test,True,0.9486538929282842,ethnicity
S068,iSarcasmEval,train,False,,
S069,iSarcasmEval,train,True,0.9134713793389656,religion
S070,iSarcasmEval,test,False,,
S071,iSarcasmEval,train,True,0.8573450119518845,other_cyberbullying
S072,iSarcasmEval,test,True,0.8418049508665973,religion
S073,iSarcasmEval,train,False,,
S074,iSarcasmEval,train,False,,
S075,iSarcasmEval,train,True,0.8407435356541583,other_cyberbullying
S076,iSarcasmEval,train,False,,
S077,iSarcasmEval,train,True,0.8782509352648754,other_cyberbullying
S078,iSarcasmEval,train,True,0.8778644782275875,other_cyberbullying
S079,iSarcasmEval,train,True,0.899186766895218,other_cyberbullying
S080,iSarcasmEval,train,False,,
S081,iSarcasmEval,train,True,0.8123849730672631,gender
S082,iSarcasmEval,train,True,0.8190886489535193,other_cyberbullying
S083,iSarcasmEval,train,True,0.9517551125521302,ethnicity
S084,iSarcasmEval,train,True,0.8441606038264358,age
S085,iSarcasmEval,train,True,0.883223400406218,other_cyberbullying
S086,iSarcasmEval,train,True,0.8521257951726557,other_cyberbullying
S087,iSarcasmEval,train,True,0.847126780958348,gender
S088,iSarcasmEval,train,True,0.8925197059087808,other_cyberbullying
S089,iSarcasmEval,train,True,0.954259042999486,ethnicity
S090,iSarcasmEval,train,True,0.9646924209250236,other_cyberbullying
S091,iSarcasmEval,test,False,,
S092,iSarcasmEval,train,True,0.8645434549005478,gender
S093,iSarcasmEval,train,True,0.8977830869535657,other_cyberbullying
S094,iSarcasmEval,test,False,,
S095,iSarcasmEval,train,True,0.9275987969413876,other_cyberbullying
S096,iSarcasmEval,train,True,0.9532394655618688,religion
S097,iSarcasmEval,test,True,0.8008924380123685,other_cyberbullying
S098,iSarcasmEval,train,True,0.8235107008052487,other_cyberbullying
S099,iSarcasmEval,test,False,,
S100,iSarcasmEval,train,True,0.8982205873283265,other_cyberbullying
S101,iSarcasmEval,train,False,,
S102,iSarcasmEval,train,True,0.8959519510973809,other_cyberbullying
S103,iSarcasmEval,train,True,0.936307514739182,ethnicity
S104,iSarcasmEval,test,False,,
S105,iSarcasmEval,test,False,,
S106,iSarcasmEval,train,False,,
S107,iSarcasmEval,train,True,0.8294180579740892,gender
S108,iSarcasmEval,train,True,0.9526122079512848,other_cyberbullying
S109,iSarcasmEval,train,False,,
S110,iSarcasmEval,train,True,0.8731717839881104,other_cyberbullying
S111,iSarcasmEval,train,True,0.8404447732042788,gender
S112,iSarcasmEval,train,False,,
S113,iSarcasmEval,test,True,0.8763005813719967,other_cyberbullying
S114,iSarcasmEval,train,False,,
S115,iSarcasmEval,train,False,,
S116,iSarcasmEval,train,True,0.8497557672045358,other_cyberbullying
S117,iSarcasmEval,train,True,0.824613553108352,other_cyberbullying
S118,iSarcasmEval,train,False,,
S119,iSarcasmEval,train,False,,
S120,iSarcasmEval,train,False,,
S121,iSarcasmEval,train,True,0.9136502864694368,other_cyberbullying
S122,iSarcasmEval,train,True,0.803959843614971,other_cyberbullying
S123,iSarcasmEval,train,False,,
S124,iSarcasmEval,train,True,0.8060799394466539,other_cyberbullying
S125,iSarcasmEval,train,True,0.8319525435028975,other_cyberbullying
S126,iSarcasmEval,train,False,,
S127,iSarcasmEval,train,True,0.9271635358332728,gender
S128,iSarcasmEval,train,True,0.8440384516015839,other_cyberbullying
S129,iSarcasmEval,train,False,,
S130,iSarcasmEval,train,False,,
S131,iSarcasmEval,train,True,0.833051186330068,gender
S132,iSarcasmEval,train,True,0.8534751590570238,other_cyberbullying
S133,iSarcasmEval,train,True,0.8055976501699335,ethnicity
S134,iSarcasmEval,train,True,0.848106538325286,other_cyberbullying
S135,iSarcasmEval,train,False,,
S136,iSarcasmEval,train,False,,
S137,iSarcasmEval,test,True,0.8187199441387301,ethnicity
S138,iSarcasmEval,train,True,0.8015461363873857,other_cyberbullying
S139,iSarcasmEval,train,True,0.8009825614500307,other_cyberbullying
S140,iSarcasmEval,train,True,0.9872333073708864,other_cyberbullying
S141,iSarcasmEval,train,True,0.8516334713636389,other_cyberbullying
S142,iSarcasmEval,train,True,0.8255933396142863,other_cyberbullying
S143,iSarcasmEval,train,True,0.801196242419622,other_cyberbullying
S144,iSarcasmEval,test,True,0.8460822597685242,other_cyberbullying
S145,iSarcasmEval,train,False,,
S146,iSarcasmEval,train,False,,
S147,iSarcasmEval,train,True,0.8414537837982139,other_cyberbullying
S148,iSarcasmEval,train,True,0.8911359070257443,other_cyberbullying
S149,iSarcasmEval,test,True,0.9376153422471843,age
S150,iSarcasmEval,train,True,0.8778888374741641,other_cyberbullying
S151,iSarcasmEval,test,False,,
S152,iSarcasmEval,test,True,0.8593834173336714,other_cyberbullying
S153,iSarcasmEval,test,False,,
S154,iSarcasmEval,test,True,0.8141527203139876,other_cyberbullying
S155,iSarcasmEval,train,False,,
S156,iSarcasmEval,test,False,,
S157,iSarcasmEval,train,False,,
S158,iSarcasmEval,train,True,0.9000141378866661,other_cyberbullying
S159,iSarcasmEval,train,False,,
S160,iSarcasmEval,train,True,0.8771920838847406,other_cyberbullying
S161,iSarcasmEval,test,False,,
S162,iSarcasmEval,train,True,0.8135940429680615,other_cyberbullying
S163,iSarcasmEval,test,True,0.9618110209829148,other_cyberbullying
S164,iSarcasmEval,train,True,0.9318836290423146,religion
S165,iSarcasmEval,train,True,0.9413430415922006,age
S166,iSarcasmEval,test,True,0.825623729187408,other_cyberbullying
S167,iSarcasmEval,train,False,,
S168,iSarcasmEval,train,False,,
S169,iSarcasmEval,train,True,0.8050567792284726,other_cyberbullying
S170,iSarcasmEval,train,True,0.9175482610647702,ethnicity
S171,iSarcasmEval,train,True,0.8732481573444612,age
S172,iSarcasmEval,train,False,,
S173,iSarcasmEval,train,False,,
S174,iSarcasmEval,train,True,0.9256785589126644,other_cyberbullying
S175,iSarcasmEval,train,True,0.8755314608786404,other_cyberbullying
S176,iSarcasmEval,train,False,,
S177,iSarcasmEval,train,True,0.8332631030202358,age
S178,iSarcasmEval,train,True,0.9444585923301592,gender
S179,iSarcasmEval,test,False,,
S180,iSarcasmEval,train,True,0.8293968788418392,other_cyberbullying
S181,iSarcasmEval,train,False,,
S182,iSarcasmEval,train,True,0.994346461302504,other_cyberbullying
S183,iSarcasmEval,train,False,,
S184,iSarcasmEval,train,False,,
S185,iSarcasmEval,train,True,0.8650431394079908,other_cyberbullying
S186,iSarcasmEval,train,False,,
S187,iSarcasmEval,train,False,,
S188,iSarcasmEval,test,True,0.8042269712931011,other_cyberbullying
S189,iSarcasmEval,train,True,0.866880391280463,other_cyberbullying
S190,iSarcasmEval,train,True,0.9305149601269408,other_cyberbullying
S191,iSarcasmEval,test,True,0.9066538265196248,other_cyberbullying
S192,iSarcasmEval,train,True,0.8214184462491225,other_cyberbullying
S193,iSarcasmEval,train,False,,
S194,iSarcasmEval,train,False,,
S195,iSarcasmEval,test,False,,
S196,iSarcasmEval,train,True,0.9645174654772998,other_cyberbullying
S197,iSarcasmEval,train,False,,
S198,iSarcasmEval,train,False,,
S199,iSarcasmEval,test,True,0.9430148540877226,other_cyberbullying
S200,iSarcasmEval,train,False,,
S201,iSarcasmEval,train,True,0.9742601954228998,other_cyberbullying
S202,iSarcasmEval,train,True,0.8447300892652629,other_cyberbullying
S203,iSarcasmEval,train,True,0.9351264591471472,other_cyberbullying
S204,iSarcasmEval,train,False,,
S205,iSarcasmEval,test,True,0.8130254870933435,other_cyberbullying
S206,iSarcasmEval,train,False,,
S207,iSarcasmEval,train,False,,
S208,iSarcasmEval,train,True,0.8328508699635908,other_cyberbullying
S209,iSarcasmEval,train,True,0.9063908912690204,other_cyberbullying
S210,iSarcasmEval,train,True,0.8344336265088145,other_cyberbullying
S211,iSarcasmEval,train,True,0.8410884484903011,age
S212,iSarcasmEval,train,False,,
S213,iSarcasmEval,train,True,0.9669634576432664,other_cyberbullying
S214,iSarcasmEval,train,True,0.8934908843812331,other_cyberbullying
S215,iSarcasmEval,test,False,,
S216,iSarcasmEval,test,True,0.9027223057223288,other_cyberbullying
S217,iSarcasmEval,train,True,0.9220648214103884,other_cyberbullying
S218,iSarcasmEval,train,False,,
S219,iSarcasmEval,train,True,0.8172360028312669,other_cyberbullying
S220,iSarcasmEval,train,True,0.9264603058112828,other_cyberbullying
S221,iSarcasmEval,train,True,0.844353246109925,other_cyberbullying
S222,iSarcasmEval,train,False,,
S223,iSarcasmEval,train,False,,
S224,iSarcasmEval,train,True,0.8196486073768476,ethnicity
S225,iSarcasmEval,train,True,0.9480886795151288,age
S226,iSarcasmEval,train,False,,
S227,iSarcasmEval,train,True,0.8541049955797246,other_cyberbullying
S228,iSarcasmEval,train,True,0.8783463996207089,religion
S229,iSarcasmEval,train,False,,
S230,iSarcasmEval,train,False,,
S231,iSarcasmEval,test,True,0.9268201220674817,other_cyberbullying
S232,iSarcasmEval,train,False,,
S233,iSarcasmEval,train,False,,
S234,iSarcasmEval,train,False,,
S235,iSarcasmEval,train,False,,
S236,iSarcasmEval,test,True,0.9543981554844296,gender
S237,iSarcasmEval,train,True,0.9216823039634298,ethnicity
S238,iSarcasmEval,train,True,0.874146724753432,ethnicity
S239,iSarcasmEval,train,False,,
S240,iSarcasmEval,train,False,,
S241,iSarcasmEval,test,False,,
S242,iSarcasmEval,train,False,,
S243,iSarcasmEval,train,True,0.8134393248022058,other_cyberbullying
S244,iSarcasmEval,train,True,0.9253043738948248,other_cyberbullying
S245,iSarcasmEval,test,False,,
S246,iSarcasmEval,train,True,0.8247368250071629,other_cyberbullying
S247,iSarcasmEval,train,False,,
S248,iSarcasmEval,train,False,,
S249,iSarcasmEval,train,False,,
S250,iSarcasmEval,train,True,0.9745051207696444,other_cyberbullying
S251,iSarcasmEval,test,True,0.8614875551445789,other_cyberbullying
S252,iSarcasmEval,train,True,0.9166524364092998,other_cyberbullying
S253,iSarcasmEval,train,True,0.8401696344205843,other_cyberbullying
S254,iSarcasmEval,train,True,0.990148323490454,other_cyberbullying
S255,iSarcasmEval,test,True,0.8404873338733382,other_cyberbullying
S256,iSarcasmEval,train,True,0.8623036212950788,age
S257,iSarcasmEval,train,True,0.9179765336447367,other_cyberbullying
S258,iSarcasmEval,train,True,0.8805093026810211,other_cyberbullying
S259,iSarcasmEval,train,False,,
S260,iSarcasmEval,train,True,0.934002120086996,other_cyberbullying
S261,iSarcasmEval,test,True,0.8750229059192107,age
S262,iSarcasmEval,train,True,0.9172125684621762,age
S263,iSarcasmEval,train,False,,
S264,iSarcasmEval,train,True,0.9558902056792944,age
S265,iSarcasmEval,train,True,0.8755503739621642,other_cyberbullying
S266,iSarcasmEval,train,True,0.8070425344539126,other_cyberbullying
S267,iSarcasmEval,train,False,,
S268,iSarcasmEval,test,True,0.838567513093398,other_cyberbullying
S269,iSarcasmEval,train,False,,
S270,iSarcasmEval,train,False,,
S271,iSarcasmEval,train,True,0.9165016141450284,other_cyberbullying
S272,iSarcasmEval,train,True,0.9179073579041528,other_cyberbullying
S273,iSarcasmEval,train,True,0.8036323034882236,other_cyberbullying
S274,iSarcasmEval,train,False,,
S275,iSarcasmEval,train,False,,
S276,iSarcasmEval,train,False,,
S277,iSarcasmEval,train,True,0.8052101841543058,other_cyberbullying
S278,iSarcasmEval,train,True,0.9125866858368056,other_cyberbullying
S279,iSarcasmEval,train,True,0.918937448885284,gender
S280,iSarcasmEval,train,False,,
S281,iSarcasmEval,train,False,,
S282,iSarcasmEval,test,True,0.951132180333921,other_cyberbullying
S283,iSarcasmEval,train,True,0.8134451439215983,other_cyberbullying
S284,iSarcasmEval,train,False,,
S285,iSarcasmEval,train,False,,
S286,iSarcasmEval,train,False,,
S287,iSarcasmEval,train,True,0.823329009952482,other_cyberbullying
S288,iSarcasmEval,test,True,0.8406178858097947,other_cyberbullying
S289,iSarcasmEval,train,True,0.8209368853486847,age
S290,iSarcasmEval,train,True,0.8654654185901145,other_cyberbullying
S291,iSarcasmEval,train,True,0.875695698868195,other_cyberbullying
S292,iSarcasmEval,train,False,,
S293,iSarcasmEval,train,True,0.8448436311416636,other_cyberbullying
S294,iSarcasmEval,train,False,,
S295,iSarcasmEval,train,True,0.9514158436311824,ethnicity
S296,iSarcasmEval,train,False,,
S297,iSarcasmEval,train,True,0.8933662673043234,other_cyberbullying
S298,iSarcasmEval,train,True,0.8604035617778074,ethnicity
S299,iSarcasmEval,train,False,,
S300,iSarcasmEval,train,True,0.8642844800861846,gender
