student,mode,tag,n_seeds,macro_f1_mean,macro_f1_std,acc_mean,acc_std,ece_mean,params,macro_f1
GroNLP/hateBERT,teacher,,1,0.8886761313725815,,0.9010633379565418,,0.0756373301981998,,0.8887 ± 0.0000
bert-large-uncased,teacher,,1,0.8972892994715852,,0.907535829865927,,0.05643187149828692,,0.8973 ± 0.0000
bilstm,dmthd,,3,0.8732234141455594,0.0003257582311357858,0.8866543381106489,0.0007430768038983838,0.07787664660844952,10446342.0,0.8732 ± 0.0003
bilstm,dmthd_hetero,,3,0.8763959746777695,0.0024344424929982574,0.8892741562644475,0.00266587207458867,0.07224852738146754,10446342.0,0.8764 ± 0.0024
bilstm,ft,,3,0.8692963704810325,0.004257090442036255,0.8831098782555094,0.003477665001201029,0.07727210242275391,10446342.0,0.8693 ± 0.0043
bilstm,skd,,3,0.8747628056553519,0.001814447757643827,0.8878871937124364,0.0012870467782778983,0.07601116365029902,10446342.0,0.8748 ± 0.0018
bilstm,skd_hetero,,3,0.8747628056553519,0.001814447757643827,0.8878871937124364,0.0012870467782778983,0.07601116365029902,10446342.0,0.8748 ± 0.0018
bilstm,uniform,,3,0.8761309360012751,0.002503090277060117,0.8893512097395592,0.002147844022925953,0.07945367744650898,10446342.0,0.8761 ± 0.0025
bilstm,uniform_hetero,,3,0.8759681962450202,0.0011734026919497087,0.8889659423640005,0.0010924215502201898,0.07343697043169921,10446342.0,0.8760 ± 0.0012
cardiffnlp/twitter-roberta-base-irony,teacher,,1,0.8926276297685806,,0.90499306518724,,0.06718648843367345,,0.8926 ± 0.0000
distilbert-base-uncased,dmthd,,3,0.8959969219082419,0.002418976054364458,0.9068423485899214,0.0018054206370565512,0.06595195808741693,66958086.0,0.8960 ± 0.0024
distilbert-base-uncased,dmthd_hetero,,3,0.8965716543036225,0.004082713907242856,0.9079210972414856,0.003758282754895089,0.06840847706111337,66958086.0,0.8966 ± 0.0041
distilbert-base-uncased,ft,,3,0.8907264001555362,0.0007331268159558789,0.9023732470334412,0.0011402873005816644,0.07142596697243324,66958086.0,0.8907 ± 0.0007
distilbert-base-uncased,skd,,3,0.8963023207783035,0.0002021056574394357,0.9072276159654801,0.00048119879784237166,0.06207948360040424,66958086.0,0.8963 ± 0.0002
distilbert-base-uncased,skd_hetero,,3,0.8963023207783035,0.0002021056574394357,0.9072276159654801,0.00048119879784237166,0.06207948360040424,66958086.0,0.8963 ± 0.0002
distilbert-base-uncased,uniform,,3,0.8959602134017044,0.0017232769426500027,0.9068423485899215,0.001601526405519056,0.07206458278375812,66958086.0,0.8960 ± 0.0017
distilbert-base-uncased,uniform_hetero,,3,0.8975301657651285,0.003116107480207841,0.9086145785174912,0.003016916620504294,0.06315531146592472,66958086.0,0.8975 ± 0.0031
google/bert_uncased_L-4_H-256_A-4,ablation_from_scratch,from_scratch,1,0.7905118668249642,,0.8116042533518262,,0.06215741688241793,11172102.0,0.7905 ± 0.0000
google/bert_uncased_L-4_H-256_A-4,ablation_no_aux,no_aux,1,0.8363527719551866,,0.8499768839574665,,0.08759812756484156,11172102.0,0.8364 ± 0.0000
google/bert_uncased_L-4_H-256_A-4,ablation_no_dynamic,no_dynamic,1,0.8386057394676448,,0.8529819694868238,,0.08615164485619237,11172102.0,0.8386 ± 0.0000
google/bert_uncased_L-4_H-256_A-4,ablation_no_hidden,no_hidden,1,0.8369271067910099,,0.8504392048081368,,0.08640353769491076,11172102.0,0.8369 ± 0.0000
google/bert_uncased_L-4_H-256_A-4,ablation_per_batch,per_batch,1,0.8388706516324196,,0.853213129912159,,0.08592714549102998,11172102.0,0.8389 ± 0.0000
google/bert_uncased_L-4_H-256_A-4,dmthd,,3,0.8377923182806938,0.001148289625342857,0.8512097395592542,0.0015040238323272448,0.08532927286222584,11172102.0,0.8378 ± 0.0011
google/bert_uncased_L-4_H-256_A-4,dmthd_hetero,,3,0.8373122054388432,0.0010065497929063747,0.851209739559254,0.0003531033822588468,0.07913116878565957,11172102.0,0.8373 ± 0.0010
google/bert_uncased_L-4_H-256_A-4,ft,,3,0.8392538023905841,0.00031414835647053006,0.8524425951610417,0.0007430768038983622,0.0416427617492193,11172102.0,0.8393 ± 0.0003
google/bert_uncased_L-4_H-256_A-4,skd,,3,0.8404527879794698,0.0017122085492360046,0.8536754507628294,0.0015158202783869972,0.0805410327506664,11172102.0,0.8405 ± 0.0017
google/bert_uncased_L-4_H-256_A-4,skd_hetero,,3,0.8404527879794698,0.0017122085492360046,0.8536754507628294,0.0015158202783869972,0.0805410327506664,11172102.0,0.8405 ± 0.0017
google/bert_uncased_L-4_H-256_A-4,sweep_T_1.0,sweep_T_1.0,1,0.8385627827310733,,0.8525196486361535,,0.04264491441703976,11172102.0,0.8386 ± 0.0000
google/bert_uncased_L-4_H-256_A-4,sweep_T_2.0,sweep_T_2.0,1,0.8401902336073682,,0.8543689320388349,,0.07366569802488818,11172102.0,0.8402 ± 0.0000
google/bert_uncased_L-4_H-256_A-4,sweep_T_8.0,sweep_T_8.0,1,0.8391247668370713,,0.853213129912159,,0.08425972965157147,11172102.0,0.8391 ± 0.0000
google/bert_uncased_L-4_H-256_A-4,sweep_alpha_0.2,sweep_alpha_0.2,1,0.8385732966975704,,0.8527508090614887,,0.07155772841092453,11172102.0,0.8386 ± 0.0000
google/bert_uncased_L-4_H-256_A-4,sweep_alpha_0.6,sweep_alpha_0.6,1,0.8393892169159537,,0.8539066111881646,,0.09342465764992336,11172102.0,0.8394 ± 0.0000
google/bert_uncased_L-4_H-256_A-4,sweep_delta_0.1,sweep_delta_0.1,1,0.8388730581958156,,0.8534442903374942,,0.08480274723433695,11172102.0,0.8389 ± 0.0000
google/bert_uncased_L-4_H-256_A-4,sweep_delta_0.5,sweep_delta_0.5,1,0.8399321685285387,,0.8539066111881646,,0.08397354805601782,11172102.0,0.8399 ± 0.0000
google/bert_uncased_L-4_H-256_A-4,sweep_tau_0.5,sweep_tau_0.5,1,0.8389706282455488,,0.853213129912159,,0.08566886464231163,11172102.0,0.8390 ± 0.0000
google/bert_uncased_L-4_H-256_A-4,sweep_tau_2.0,sweep_tau_2.0,1,0.8390271843329903,,0.853213129912159,,0.08581296618729897,11172102.0,0.8390 ± 0.0000
google/bert_uncased_L-4_H-256_A-4,sweep_tau_5.0,sweep_tau_5.0,1,0.8389366602187097,,0.853213129912159,,0.08563761270492651,11172102.0,0.8389 ± 0.0000
google/bert_uncased_L-4_H-256_A-4,uniform,,3,0.8385117992318075,0.0018359144617451251,0.85236554168593,0.002019624352301002,0.08644054352428826,11172102.0,0.8385 ± 0.0018
google/bert_uncased_L-4_H-256_A-4,uniform_hetero,,3,0.8378359982883451,0.002427257316756594,0.8524425951610417,0.0023384174611640854,0.0812234646859017,11172102.0,0.8378 ± 0.0024
google/bert_uncased_L-4_H-512_A-8,dmthd,,3,0.8470758382962966,0.003388147525657604,0.8599938357219911,0.0025567360183443976,0.09180657907753222,28766726.0,0.8471 ± 0.0034
google/bert_uncased_L-4_H-512_A-8,dmthd_hetero,,3,0.8476569862127574,0.0010519322322524048,0.8608414239482199,0.0006934812760055475,0.09017797828060505,28766726.0,0.8477 ± 0.0011
google/bert_uncased_L-4_H-512_A-8,ft,,3,0.8469060127077964,0.004019369141705272,0.8597626752966558,0.0038287126672229186,0.06867350051648849,28766726.0,0.8469 ± 0.0040
google/bert_uncased_L-4_H-512_A-8,skd,,3,0.8487803873346517,0.004424769741379493,0.8610725843735553,0.0041673038320203595,0.08901568376002057,28766726.0,0.8488 ± 0.0044
google/bert_uncased_L-4_H-512_A-8,skd_hetero,,3,0.8487803873346517,0.004424769741379493,0.8610725843735553,0.0041673038320203595,0.08901568376002057,28766726.0,0.8488 ± 0.0044
google/bert_uncased_L-4_H-512_A-8,uniform,,3,0.85050480092075,0.002838261448657096,0.8623824934504546,0.002268829074485339,0.09157475529218202,28766726.0,0.8505 ± 0.0028
google/bert_uncased_L-4_H-512_A-8,uniform_hetero,,3,0.8508771642615591,0.002086036431498136,0.8634612421020188,0.0015391419598889205,0.08753010345857415,28766726.0,0.8509 ± 0.0021
microsoft/deberta-v3-base,teacher,,1,0.8719818649374179,,0.8867313915857605,,0.05302976362555327,,0.8720 ± 0.0000
microsoft/deberta-v3-xsmall,dmthd,,3,0.8832939883397314,0.001769604022303252,0.8959778085991679,0.0016669215328081247,0.0763316261536867,70832262.0,0.8833 ± 0.0018
microsoft/deberta-v3-xsmall,dmthd_hetero,,3,0.8827967180445385,0.001381729580136677,0.8956695946987209,0.0011862231713932123,0.07252070341947581,70832262.0,0.8828 ± 0.0014
microsoft/deberta-v3-xsmall,ft,,3,0.8824947769268262,0.0009987734338618897,0.8948220064724919,0.00040038160137977606,0.054098392151999984,70832262.0,0.8825 ± 0.0010
microsoft/deberta-v3-xsmall,skd,,3,0.8864909200204867,0.0023003241048929783,0.8983664663276314,0.0021848431004404226,0.07042225137855847,70832262.0,0.8865 ± 0.0023
microsoft/deberta-v3-xsmall,skd_hetero,,3,0.8864909200204867,0.0023003241048929783,0.8983664663276314,0.0021848431004404226,0.07042225137855847,70832262.0,0.8865 ± 0.0023
microsoft/deberta-v3-xsmall,uniform,,3,0.8861831537797332,0.0021473431215364874,0.8984435198027431,0.0017955278467762794,0.0737701408308999,70832262.0,0.8862 ± 0.0021
microsoft/deberta-v3-xsmall,uniform_hetero,,3,0.8846867134215861,0.007836987107421551,0.897056557250732,0.007141073967697697,0.0678257689277239,70832262.0,0.8847 ± 0.0078
